Name,Grade Level,Email,Phone
Abigail Harris,9,abigail.harris@students.example.org,(941) 100-0000
Dylan Green,9,dylan.green@students.example.org,(941) 100-0001
Madison Collins,10,madison.collins@students.example.org,(863) 100-0002
Matthew Torres,11,matthew.torres@students.example.org,(727) 100-0003
Avery Hill,10,avery.hill@students.example.org,(863) 100-0004
Daniel Lewis,12,daniel.lewis@students.example.org,(727) 100-0005
Victoria Moore,9,victoria.moore@students.example.org,(352) 100-0006
Aiden Green,10,aiden.green@students.example.org,(352) 100-0007
Scarlett Jackson,12,scarlett.jackson@students.example.org,(813) 100-0008
Emma Sanchez,12,emma.sanchez@students.example.org,(813) 100-0009
Isaac Rodriguez,10,isaac.rodriguez@students.example.org,(727) 100-0010
Ava Thompson,11,ava.thompson@students.example.org,(352) 100-0011
Ryan Green,10,ryan.green@students.example.org,(941) 100-0012
Charlotte Wilson,11,charlotte.wilson@students.example.org,(352) 100-0013
Sophia Thompson,11,sophia.thompson@students.example.org,(727) 100-0014
Ella Wilson,10,ella.wilson@students.example.org,(863) 100-0015
Penelope Jackson,11,penelope.jackson@students.example.org,(352) 100-0016
James Walker,10,james.walker@students.example.org,(863) 100-0017
Alexander Evans,12,alexander.evans@students.example.org,(352) 100-0018
Owen Young,10,owen.young@students.example.org,(863) 100-0019
Charlotte Jackson,9,charlotte.jackson@students.example.org,(941) 100-0020
Alexander Stewart,9,alexander.stewart@students.example.org,(813) 100-0021
Addison Hall,11,addison.hall@students.example.org,(727) 100-0022
Abigail Sanchez,12,abigail.sanchez@students.example.org,(941) 100-0023
Nathan Rogers,12,nathan.rogers@students.example.org,(813) 100-0024
Mason Wright,10,mason.wright@students.example.org,(863) 100-0025
Sebastian Moore,9,sebastian.moore@students.example.org,(352) 100-0026
Jackson Parker,9,jackson.parker@students.example.org,(352) 100-0027
Luke Young,11,luke.young@students.example.org,(727) 100-0028
Michael Lewis,9,michael.lewis@students.example.org,(352) 100-0029
Sophia Smith,12,sophia.smith@students.example.org,(941) 100-0030
Ethan Thompson,11,ethan.thompson@students.example.org,(941) 100-0031
Olivia Stewart,12,olivia.stewart@students.example.org,(863) 100-0032
Lily Rogers,12,lily.rogers@students.example.org,(352) 100-0033
Chloe Martinez,10,chloe.martinez@students.example.org,(813) 100-0034
Carter Allen,9,carter.allen@students.example.org,(813) 100-0035
Madison Sanchez,9,madison.sanchez@students.example.org,(941) 100-0036
Michael Young,10,michael.young@students.example.org,(727) 100-0037
Dylan Robinson,11,dylan.robinson@students.example.org,(863) 100-0038
Mason Baker,9,mason.baker@students.example.org,(813) 100-0039
Lily Edwards,12,lily.edwards@students.example.org,(727) 100-0040
Grayson Moore,9,grayson.moore@students.example.org,(727) 100-0041
Jackson Nelson,9,jackson.nelson@students.example.org,(863) 100-0042
Aubrey Green,9,aubrey.green@students.example.org,(863) 100-0043
Henry Cruz,9,henry.cruz@students.example.org,(813) 100-0044
Zoey Walker,10,zoey.walker@students.example.org,(352) 100-0045
Ryan Nguyen,9,ryan.nguyen@students.example.org,(727) 100-0046
Isabella Turner,9,isabella.turner@students.example.org,(727) 100-0047
Lily Garcia,12,lily.garcia@students.example.org,(813) 100-0048
Emily Baker,11,emily.baker@students.example.org,(727) 100-0049
Zoey Martinez,11,zoey.martinez@students.example.org,(727) 100-0050
Emma Harris,11,emma.harris@students.example.org,(352) 100-0051
Jack Young,9,jack.young@students.example.org,(813) 100-0052
Addison Sanchez,12,addison.sanchez@students.example.org,(813) 100-0053
Avery Green,9,avery.green@students.example.org,(813) 100-0054
Elizabeth Harris,9,elizabeth.harris@students.example.org,(863) 100-0055
Noah Cook,12,noah.cook@students.example.org,(941) 100-0056
Ella Roberts,11,ella.roberts@students.example.org,(352) 100-0057
Ella Rodriguez,12,ella.rodriguez@students.example.org,(941) 100-0058
Amelia Gomez,10,amelia.gomez@students.example.org,(813) 100-0059
Ella Scott,10,ella.scott@students.example.org,(813) 100-0060
Daniel Ramirez,9,daniel.ramirez@students.example.org,(941) 100-0061
Lily Phillips,9,lily.phillips@students.example.org,(727) 100-0062
Daniel Smith,9,daniel.smith@students.example.org,(352) 100-0063
Noah Young,9,noah.young@students.example.org,(727) 100-0064
William Cook,9,william.cook@students.example.org,(863) 100-0065
Evelyn Hill,11,evelyn.hill@students.example.org,(863) 100-0066
Elijah Mitchell,10,elijah.mitchell@students.example.org,(727) 100-0067
Henry Carter,9,henry.carter@students.example.org,(941) 100-0068
Samuel Brown,12,samuel.brown@students.example.org,(727) 100-0069
Lillian Taylor,11,lillian.taylor@students.example.org,(727) 100-0070
Riley Sanchez,12,riley.sanchez@students.example.org,(813) 100-0071
Evelyn King,11,evelyn.king@students.example.org,(352) 100-0072
Daniel Rodriguez,11,daniel.rodriguez@students.example.org,(352) 100-0073
Aubrey Baker,9,aubrey.baker@students.example.org,(727) 100-0074
David Martinez,10,david.martinez@students.example.org,(941) 100-0075
Olivia King,9,olivia.king@students.example.org,(863) 100-0076
Charlotte Allen,9,charlotte.allen@students.example.org,(863) 100-0077
Aubrey Roberts,11,aubrey.roberts@students.example.org,(813) 100-0078
Samuel Williams,11,samuel.williams@students.example.org,(352) 100-0079
Emma Allen,12,emma.allen@students.example.org,(352) 100-0080
Isaac Hall,11,isaac.hall@students.example.org,(727) 100-0081
Lucas Wilson,11,lucas.wilson@students.example.org,(941) 100-0082
Charlotte Rogers,11,charlotte.rogers@students.example.org,(941) 100-0083
Hannah Lee,10,hannah.lee@students.example.org,(863) 100-0084
Nathan Allen,11,nathan.allen@students.example.org,(941) 100-0085
Isaac Young,12,isaac.young@students.example.org,(727) 100-0086
Sofia Reed,10,sofia.reed@students.example.org,(727) 100-0087
Lillian Brown,9,lillian.brown@students.example.org,(863) 100-0088
Emma Johnson,9,emma.johnson@students.example.org,(727) 100-0089
Aubrey Lee,11,aubrey.lee@students.example.org,(352) 100-0090
Elizabeth Parker,11,elizabeth.parker@students.example.org,(352) 100-0091
Evelyn Robinson,12,evelyn.robinson@students.example.org,(813) 100-0092
Michael Wilson,9,michael.wilson@students.example.org,(727) 100-0093
William Evans,10,william.evans@students.example.org,(863) 100-0094
Liam King,12,liam.king@students.example.org,(352) 100-0095
Chloe Wilson,10,chloe.wilson@students.example.org,(813) 100-0096
Charlotte Brown,9,charlotte.brown@students.example.org,(352) 100-0097
Ella Turner,10,ella.turner@students.example.org,(941) 100-0098
Jack Roberts,12,jack.roberts@students.example.org,(813) 100-0099
Avery Wright,12,avery.wright@students.example.org,(352) 100-0100
Sophia Rogers,9,sophia.rogers@students.example.org,(941) 100-0101
David Allen,10,david.allen@students.example.org,(863) 100-0102
Zoey Roberts,9,zoey.roberts@students.example.org,(941) 100-0103
Jackson Thomas,9,jackson.thomas@students.example.org,(863) 100-0104
Dylan Phillips,10,dylan.phillips@students.example.org,(727) 100-0105
Aubrey Harris,11,aubrey.harris@students.example.org,(813) 100-0106
Sofia Cruz,11,sofia.cruz@students.example.org,(863) 100-0107
David Evans,11,david.evans@students.example.org,(813) 100-0108
Lillian Smith,12,lillian.smith@students.example.org,(813) 100-0109
Sofia Roberts,10,sofia.roberts@students.example.org,(352) 100-0110
Alexander Taylor,10,alexander.taylor@students.example.org,(727) 100-0111
Lily Wilson,9,lily.wilson@students.example.org,(727) 100-0112
Grayson Williams,9,grayson.williams@students.example.org,(727) 100-0113
Grayson Cruz,12,grayson.cruz@students.example.org,(863) 100-0114
James Cook,11,james.cook@students.example.org,(863) 100-0115
Lucas Roberts,9,lucas.roberts@students.example.org,(941) 100-0116
Aubrey Thomas,11,aubrey.thomas@students.example.org,(727) 100-0117
Mason Lewis,12,mason.lewis@students.example.org,(813) 100-0118
Michael Roberts,12,michael.roberts@students.example.org,(813) 100-0119
Madison Parker,9,madison.parker@students.example.org,(352) 100-0120
Elijah Reed,10,elijah.reed@students.example.org,(813) 100-0121
Sophia Sanchez,9,sophia.sanchez@students.example.org,(727) 100-0122
Emma Torres,11,emma.torres@students.example.org,(727) 100-0123
Avery King,9,avery.king@students.example.org,(727) 100-0124
Samuel Wilson,11,samuel.wilson@students.example.org,(863) 100-0125
Madison Smith,9,madison.smith@students.example.org,(813) 100-0126
Isaac Garcia,11,isaac.garcia@students.example.org,(727) 100-0127
Zoey Allen,9,zoey.allen@students.example.org,(863) 100-0128
Sophia Parker,12,sophia.parker@students.example.org,(941) 100-0129
Jackson Martinez,10,jackson.martinez@students.example.org,(352) 100-0130
Mia Williams,12,mia.williams@students.example.org,(352) 100-0131
Aubrey Smith,10,aubrey.smith@students.example.org,(352) 100-0132
Dylan Rogers,9,dylan.rogers@students.example.org,(352) 100-0133
Benjamin Thomas,10,benjamin.thomas@students.example.org,(727) 100-0134
David Roberts,10,david.roberts@students.example.org,(863) 100-0135
Carter Scott,11,carter.scott@students.example.org,(352) 100-0136
Benjamin Morgan,11,benjamin.morgan@students.example.org,(352) 100-0137
Daniel Jackson,9,daniel.jackson@students.example.org,(352) 100-0138
Owen Mitchell,10,owen.mitchell@students.example.org,(863) 100-0139
Sophia Allen,10,sophia.allen@students.example.org,(352) 100-0140
Ethan Rivera,11,ethan.rivera@students.example.org,(352) 100-0141
Scarlett Reed,9,scarlett.reed@students.example.org,(863) 100-0142
Abigail Diaz,9,abigail.diaz@students.example.org,(727) 100-0143
Olivia Walker,12,olivia.walker@students.example.org,(863) 100-0144
Ava Scott,12,ava.scott@students.example.org,(352) 100-0145
Evelyn Rogers,12,evelyn.rogers@students.example.org,(863) 100-0146
Evelyn Williams,10,evelyn.williams@students.example.org,(813) 100-0147
Sophia Brown,10,sophia.brown@students.example.org,(727) 100-0148
Lillian Perez,11,lillian.perez@students.example.org,(813) 100-0149
Joseph Lewis,12,joseph.lewis@students.example.org,(727) 100-0150
Dylan Perez,9,dylan.perez@students.example.org,(941) 100-0151
Aubrey Moore,10,aubrey.moore@students.example.org,(813) 100-0152
Jack Garcia,12,jack.garcia@students.example.org,(863) 100-0153
Mason Sanchez,12,mason.sanchez@students.example.org,(352) 100-0154
Lily Wright,9,lily.wright@students.example.org,(813) 100-0155
Liam Rodriguez,12,liam.rodriguez@students.example.org,(727) 100-0156
Michael Reed,12,michael.reed@students.example.org,(727) 100-0157
Sophia Garcia,10,sophia.garcia@students.example.org,(941) 100-0158
Sofia Walker,9,sofia.walker@students.example.org,(863) 100-0159
Daniel Baker,11,daniel.baker@students.example.org,(863) 100-0160
Isaac Ramirez,12,isaac.ramirez@students.example.org,(813) 100-0161
Ryan Stewart,11,ryan.stewart@students.example.org,(863) 100-0162
Aubrey Nguyen,11,aubrey.nguyen@students.example.org,(727) 100-0163
Grayson White,9,grayson.white@students.example.org,(813) 100-0164
Dylan Roberts,10,dylan.roberts@students.example.org,(352) 100-0165
Wyatt Evans,11,wyatt.evans@students.example.org,(352) 100-0166
Carter Wilson,12,carter.wilson@students.example.org,(941) 100-0167
Ethan Wright,11,ethan.wright@students.example.org,(941) 100-0168
Aiden Cruz,10,aiden.cruz@students.example.org,(727) 100-0169
Daniel Evans,9,daniel.evans@students.example.org,(727) 100-0170
Lucas Parker,10,lucas.parker@students.example.org,(813) 100-0171
Mason Thompson,9,mason.thompson@students.example.org,(727) 100-0172
Grace Jones,12,grace.jones@students.example.org,(813) 100-0173
Joseph Carter,10,joseph.carter@students.example.org,(727) 100-0174
Isaac Nelson,10,isaac.nelson@students.example.org,(941) 100-0175
Ethan Taylor,11,ethan.taylor@students.example.org,(813) 100-0176
Riley King,9,riley.king@students.example.org,(813) 100-0177
Carter Martinez,10,carter.martinez@students.example.org,(941) 100-0178
Elijah Harris,10,elijah.harris@students.example.org,(863) 100-0179
Henry Baker,11,henry.baker@students.example.org,(727) 100-0180
Avery Johnson,12,avery.johnson@students.example.org,(352) 100-0181
Michael Parker,9,michael.parker@students.example.org,(352) 100-0182
Avery Morgan,10,avery.morgan@students.example.org,(941) 100-0183
Aubrey Anderson,10,aubrey.anderson@students.example.org,(352) 100-0184
Isaac Rogers,12,isaac.rogers@students.example.org,(352) 100-0185
Victoria Reed,11,victoria.reed@students.example.org,(941) 100-0186
Emma Rodriguez,10,emma.rodriguez@students.example.org,(727) 100-0187
Olivia Robinson,11,olivia.robinson@students.example.org,(727) 100-0188
Zoey Scott,11,zoey.scott@students.example.org,(352) 100-0189
Dylan Anderson,9,dylan.anderson@students.example.org,(727) 100-0190
Matthew Cruz,10,matthew.cruz@students.example.org,(352) 100-0191
Penelope Hall,11,penelope.hall@students.example.org,(352) 100-0192
Samuel Smith,11,samuel.smith@students.example.org,(863) 100-0193
Sebastian Parker,9,sebastian.parker@students.example.org,(813) 100-0194
Elizabeth Rivera,11,elizabeth.rivera@students.example.org,(813) 100-0195
Henry Morris,10,henry.morris@students.example.org,(727) 100-0196
Ella Ramirez,12,ella.ramirez@students.example.org,(863) 100-0197
Elizabeth Nelson,11,elizabeth.nelson@students.example.org,(727) 100-0198
Jackson Phillips,11,jackson.phillips@students.example.org,(727) 100-0199
Amelia Carter,10,amelia.carter@students.example.org,(863) 100-0200
Henry Turner,11,henry.turner@students.example.org,(813) 100-0201
Mason Clark,10,mason.clark@students.example.org,(727) 100-0202
Nathan Brown,9,nathan.brown@students.example.org,(941) 100-0203
Sofia King,12,sofia.king@students.example.org,(941) 100-0204
Jack Allen,9,jack.allen@students.example.org,(727) 100-0205
Ava Green,11,ava.green@students.example.org,(941) 100-0206
Liam Torres,10,liam.torres@students.example.org,(941) 100-0207
Sophia Hall,9,sophia.hall@students.example.org,(863) 100-0208
Lily Clark,10,lily.clark@students.example.org,(813) 100-0209
Lillian Diaz,9,lillian.diaz@students.example.org,(727) 100-0210
Zoey Clark,11,zoey.clark@students.example.org,(813) 100-0211
Aubrey Garcia,10,aubrey.garcia@students.example.org,(352) 100-0212
Lillian Harris,11,lillian.harris@students.example.org,(863) 100-0213
Liam Jackson,9,liam.jackson@students.example.org,(813) 100-0214
Dylan Wilson,10,dylan.wilson@students.example.org,(727) 100-0215
Victoria Thomas,9,victoria.thomas@students.example.org,(813) 100-0216
Ava Nguyen,11,ava.nguyen@students.example.org,(352) 100-0217
Mason Evans,9,mason.evans@students.example.org,(352) 100-0218
Olivia Gomez,12,olivia.gomez@students.example.org,(863) 100-0219
Benjamin Morris,12,benjamin.morris@students.example.org,(727) 100-0220
Elizabeth Martin,12,elizabeth.martin@students.example.org,(863) 100-0221
Dylan Collins,12,dylan.collins@students.example.org,(813) 100-0222
Wyatt Jackson,12,wyatt.jackson@students.example.org,(352) 100-0223
Luke Rivera,12,luke.rivera@students.example.org,(941) 100-0224
Isaac Adams,10,isaac.adams@students.example.org,(727) 100-0225
Harper Perez,12,harper.perez@students.example.org,(352) 100-0226
Benjamin Allen,9,benjamin.allen@students.example.org,(813) 100-0227
Avery Sanchez,9,avery.sanchez@students.example.org,(813) 100-0228
Mia Lee,11,mia.lee@students.example.org,(352) 100-0229
David Diaz,9,david.diaz@students.example.org,(813) 100-0230
Zoey Collins,10,zoey.collins@students.example.org,(863) 100-0231
Grayson Gomez,10,grayson.gomez@students.example.org,(352) 100-0232
Emma Adams,9,emma.adams@students.example.org,(813) 100-0233
Alexander Thompson,12,alexander.thompson@students.example.org,(352) 100-0234
Penelope Garcia,12,penelope.garcia@students.example.org,(727) 100-0235
Scarlett Nelson,12,scarlett.nelson@students.example.org,(727) 100-0236
Grayson Allen,9,grayson.allen@students.example.org,(352) 100-0237
Alexander Young,11,alexander.young@students.example.org,(727) 100-0238
Mia Baker,10,mia.baker@students.example.org,(863) 100-0239
Benjamin Garcia,11,benjamin.garcia@students.example.org,(813) 100-0240
Benjamin Hill,11,benjamin.hill@students.example.org,(727) 100-0241
Matthew Hall,9,matthew.hall@students.example.org,(352) 100-0242
Madison Phillips,12,madison.phillips@students.example.org,(941) 100-0243
Emma Clark,12,emma.clark@students.example.org,(727) 100-0244
Elijah Clark,9,elijah.clark@students.example.org,(813) 100-0245
Isabella Evans,9,isabella.evans@students.example.org,(863) 100-0246
Benjamin Rivera,9,benjamin.rivera@students.example.org,(813) 100-0247
Charlotte Nelson,12,charlotte.nelson@students.example.org,(727) 100-0248
Lillian King,9,lillian.king@students.example.org,(352) 100-0249
Mason Morris,10,mason.morris@students.example.org,(727) 100-0250
Lucas Brown,11,lucas.brown@students.example.org,(352) 100-0251
Mason Smith,12,mason.smith@students.example.org,(352) 100-0252
Emma Roberts,11,emma.roberts@students.example.org,(863) 100-0253
Riley Hall,12,riley.hall@students.example.org,(863) 100-0254
William Baker,11,william.baker@students.example.org,(352) 100-0255
Joseph Smith,12,joseph.smith@students.example.org,(727) 100-0256
Mason White,11,mason.white@students.example.org,(863) 100-0257
Chloe Taylor,11,chloe.taylor@students.example.org,(727) 100-0258
Wyatt Lee,12,wyatt.lee@students.example.org,(352) 100-0259
Nathan Young,11,nathan.young@students.example.org,(863) 100-0260
Penelope Collins,12,penelope.collins@students.example.org,(813) 100-0261
David Jones,10,david.jones@students.example.org,(813) 100-0262
Riley Martinez,9,riley.martinez@students.example.org,(727) 100-0263
Layla Cruz,9,layla.cruz@students.example.org,(352) 100-0264
Scarlett Phillips,11,scarlett.phillips@students.example.org,(941) 100-0265
Jackson Cook,12,jackson.cook@students.example.org,(941) 100-0266
Sophia Stewart,10,sophia.stewart@students.example.org,(941) 100-0267
Wyatt Cruz,9,wyatt.cruz@students.example.org,(863) 100-0268
Jack Adams,12,jack.adams@students.example.org,(941) 100-0269
Grayson Torres,12,grayson.torres@students.example.org,(941) 100-0270
Emily Cruz,10,emily.cruz@students.example.org,(863) 100-0271
Olivia Ramirez,11,olivia.ramirez@students.example.org,(352) 100-0272
Elijah Moore,12,elijah.moore@students.example.org,(352) 100-0273
Joseph Morris,10,joseph.morris@students.example.org,(352) 100-0274
Penelope Walker,12,penelope.walker@students.example.org,(727) 100-0275
Noah Harris,10,noah.harris@students.example.org,(727) 100-0276
Sofia Rivera,10,sofia.rivera@students.example.org,(727) 100-0277
Grace Thomas,9,grace.thomas@students.example.org,(863) 100-0278
Penelope Reed,9,penelope.reed@students.example.org,(863) 100-0279
Penelope Mitchell,10,penelope.mitchell@students.example.org,(727) 100-0280
James King,11,james.king@students.example.org,(813) 100-0281
Aubrey Cruz,9,aubrey.cruz@students.example.org,(352) 100-0282
Riley Campbell,12,riley.campbell@students.example.org,(941) 100-0283
Emily Allen,12,emily.allen@students.example.org,(941) 100-0284
Ethan Phillips,11,ethan.phillips@students.example.org,(813) 100-0285
Ryan Clark,12,ryan.clark@students.example.org,(352) 100-0286
Elizabeth Rodriguez,12,elizabeth.rodriguez@students.example.org,(352) 100-0287
Noah Baker,12,noah.baker@students.example.org,(727) 100-0288
Ryan Jones,10,ryan.jones@students.example.org,(941) 100-0289
Layla Diaz,9,layla.diaz@students.example.org,(352) 100-0290
Liam Clark,9,liam.clark@students.example.org,(813) 100-0291
Michael Morgan,11,michael.morgan@students.example.org,(863) 100-0292
Owen Stewart,11,owen.stewart@students.example.org,(863) 100-0293
Layla Green,12,layla.green@students.example.org,(941) 100-0294
Luke Jones,12,luke.jones@students.example.org,(352) 100-0295
Isabella Cruz,10,isabella.cruz@students.example.org,(813) 100-0296
Sebastian Edwards,12,sebastian.edwards@students.example.org,(727) 100-0297
Nathan Robinson,12,nathan.robinson@students.example.org,(352) 100-0298
Emily Clark,12,emily.clark@students.example.org,(813) 100-0299
Dylan King,10,dylan.king@students.example.org,(352) 100-0300
Penelope Anderson,12,penelope.anderson@students.example.org,(813) 100-0301
Joseph Morgan,11,joseph.morgan@students.example.org,(352) 100-0302
Luke Cruz,11,luke.cruz@students.example.org,(813) 100-0303
Emily Anderson,11,emily.anderson@students.example.org,(813) 100-0304
Charlotte Taylor,12,charlotte.taylor@students.example.org,(352) 100-0305
Chloe Jones,10,chloe.jones@students.example.org,(727) 100-0306
Addison White,11,addison.white@students.example.org,(863) 100-0307
Owen Lee,11,owen.lee@students.example.org,(813) 100-0308
Elijah Perez,12,elijah.perez@students.example.org,(941) 100-0309
David Martin,9,david.martin@students.example.org,(727) 100-0310
Harper Lee,12,harper.lee@students.example.org,(727) 100-0311
Nathan Johnson,12,nathan.johnson@students.example.org,(863) 100-0312
Layla Torres,11,layla.torres@students.example.org,(352) 100-0313
Sofia Allen,10,sofia.allen@students.example.org,(352) 100-0314
Joseph Young,11,joseph.young@students.example.org,(941) 100-0315
Grayson Nguyen,12,grayson.nguyen@students.example.org,(727) 100-0316
Liam Moore,9,liam.moore@students.example.org,(727) 100-0317
Emily Williams,10,emily.williams@students.example.org,(727) 100-0318
Emily Roberts,9,emily.roberts@students.example.org,(727) 100-0319
Benjamin King,9,benjamin.king@students.example.org,(863) 100-0320
Layla Nelson,9,layla.nelson@students.example.org,(813) 100-0321
Riley Robinson,10,riley.robinson@students.example.org,(813) 100-0322
Michael Wright,11,michael.wright@students.example.org,(863) 100-0323
Mia King,12,mia.king@students.example.org,(352) 100-0324
Chloe Rivera,9,chloe.rivera@students.example.org,(727) 100-0325
Hannah Walker,11,hannah.walker@students.example.org,(863) 100-0326
Ella Harris,12,ella.harris@students.example.org,(727) 100-0327
Avery Smith,12,avery.smith@students.example.org,(941) 100-0328
Charlotte Phillips,11,charlotte.phillips@students.example.org,(813) 100-0329
Ryan Lee,10,ryan.lee@students.example.org,(813) 100-0330
Emily Wright,9,emily.wright@students.example.org,(813) 100-0331
Grayson Robinson,9,grayson.robinson@students.example.org,(863) 100-0332
Mia Morgan,9,mia.morgan@students.example.org,(727) 100-0333
Amelia Williams,10,amelia.williams@students.example.org,(727) 100-0334
Layla Reed,10,layla.reed@students.example.org,(727) 100-0335
Ryan Morgan,11,ryan.morgan@students.example.org,(863) 100-0336
Avery Thomas,9,avery.thomas@students.example.org,(352) 100-0337
Madison Wilson,12,madison.wilson@students.example.org,(727) 100-0338
Emily Mitchell,10,emily.mitchell@students.example.org,(941) 100-0339
Chloe Rodriguez,9,chloe.rodriguez@students.example.org,(727) 100-0340
Owen Cruz,11,owen.cruz@students.example.org,(941) 100-0341
Ryan Evans,11,ryan.evans@students.example.org,(813) 100-0342
Lillian Johnson,12,lillian.johnson@students.example.org,(863) 100-0343
David Mitchell,11,david.mitchell@students.example.org,(863) 100-0344
Sebastian Diaz,11,sebastian.diaz@students.example.org,(727) 100-0345
Noah Robinson,12,noah.robinson@students.example.org,(813) 100-0346
Matthew Rivera,12,matthew.rivera@students.example.org,(941) 100-0347
Elijah Phillips,9,elijah.phillips@students.example.org,(352) 100-0348
David Reed,11,david.reed@students.example.org,(941) 100-0349
Lucas Robinson,11,lucas.robinson@students.example.org,(813) 100-0350
Ethan Moore,9,ethan.moore@students.example.org,(863) 100-0351
Addison Robinson,9,addison.robinson@students.example.org,(813) 100-0352
Owen Turner,11,owen.turner@students.example.org,(813) 100-0353
Lillian Carter,11,lillian.carter@students.example.org,(813) 100-0354
Isabella Lewis,11,isabella.lewis@students.example.org,(727) 100-0355
Samuel Robinson,10,samuel.robinson@students.example.org,(941) 100-0356
Elijah Adams,10,elijah.adams@students.example.org,(352) 100-0357
Nathan Smith,12,nathan.smith@students.example.org,(813) 100-0358
Emma Morris,10,emma.morris@students.example.org,(352) 100-0359
Harper Walker,12,harper.walker@students.example.org,(813) 100-0360
Amelia Clark,11,amelia.clark@students.example.org,(863) 100-0361
Amelia Lewis,12,amelia.lewis@students.example.org,(863) 100-0362
Isabella Parker,9,isabella.parker@students.example.org,(941) 100-0363
Layla Martin,10,layla.martin@students.example.org,(813) 100-0364
Lily Hill,10,lily.hill@students.example.org,(941) 100-0365
Michael Cook,12,michael.cook@students.example.org,(813) 100-0366
Nathan Scott,11,nathan.scott@students.example.org,(727) 100-0367
Grace Robinson,10,grace.robinson@students.example.org,(813) 100-0368
Sophia Nguyen,9,sophia.nguyen@students.example.org,(863) 100-0369
Ava Harris,10,ava.harris@students.example.org,(813) 100-0370
Emily Young,10,emily.young@students.example.org,(813) 100-0371
Madison Lewis,9,madison.lewis@students.example.org,(727) 100-0372
Addison Cook,11,addison.cook@students.example.org,(727) 100-0373
Wyatt Allen,11,wyatt.allen@students.example.org,(863) 100-0374
Ella Johnson,11,ella.johnson@students.example.org,(813) 100-0375
Wyatt Ramirez,11,wyatt.ramirez@students.example.org,(941) 100-0376
Penelope Parker,11,penelope.parker@students.example.org,(863) 100-0377
Amelia Jones,9,amelia.jones@students.example.org,(863) 100-0378
Sofia Flores,9,sofia.flores@students.example.org,(941) 100-0379
Sophia Martinez,9,sophia.martinez@students.example.org,(863) 100-0380
Riley Edwards,10,riley.edwards@students.example.org,(941) 100-0381
Samuel Cruz,9,samuel.cruz@students.example.org,(863) 100-0382
Henry Collins,11,henry.collins@students.example.org,(863) 100-0383
Olivia Brown,9,olivia.brown@students.example.org,(727) 100-0384
Hannah Sanchez,10,hannah.sanchez@students.example.org,(727) 100-0385
Isaac Parker,11,isaac.parker@students.example.org,(863) 100-0386
Lucas Baker,12,lucas.baker@students.example.org,(727) 100-0387
Avery Anderson,11,avery.anderson@students.example.org,(727) 100-0388
Scarlett Carter,9,scarlett.carter@students.example.org,(863) 100-0389
Evelyn Mitchell,11,evelyn.mitchell@students.example.org,(727) 100-0390
Emma Green,11,emma.green@students.example.org,(352) 100-0391
Samuel Lewis,9,samuel.lewis@students.example.org,(863) 100-0392
Nathan Lee,11,nathan.lee@students.example.org,(727) 100-0393
Hannah Morris,10,hannah.morris@students.example.org,(941) 100-0394
Madison Thomas,10,madison.thomas@students.example.org,(863) 100-0395
Harper Jones,9,harper.jones@students.example.org,(727) 100-0396
Henry Roberts,12,henry.roberts@students.example.org,(863) 100-0397
Grace Parker,12,grace.parker@students.example.org,(863) 100-0398
Isabella Walker,12,isabella.walker@students.example.org,(863) 100-0399
David King,9,david.king@students.example.org,(352) 100-0400
Alexander Hill,10,alexander.hill@students.example.org,(813) 100-0401
Sofia Carter,9,sofia.carter@students.example.org,(813) 100-0402
Chloe Edwards,10,chloe.edwards@students.example.org,(352) 100-0403
Layla Sanchez,9,layla.sanchez@students.example.org,(727) 100-0404
Owen Adams,10,owen.adams@students.example.org,(813) 100-0405
Layla Lee,11,layla.lee@students.example.org,(727) 100-0406
Lillian Wilson,9,lillian.wilson@students.example.org,(863) 100-0407
Grace King,11,grace.king@students.example.org,(727) 100-0408
Zoey White,9,zoey.white@students.example.org,(352) 100-0409
Noah Clark,11,noah.clark@students.example.org,(813) 100-0410
Grace Collins,12,grace.collins@students.example.org,(941) 100-0411
Alexander Cruz,11,alexander.cruz@students.example.org,(863) 100-0412
Aubrey Flores,10,aubrey.flores@students.example.org,(813) 100-0413
Luke Wilson,12,luke.wilson@students.example.org,(813) 100-0414
Jackson White,10,jackson.white@students.example.org,(727) 100-0415
Matthew Evans,12,matthew.evans@students.example.org,(352) 100-0416
Sofia Morris,10,sofia.morris@students.example.org,(727) 100-0417
Owen Walker,10,owen.walker@students.example.org,(727) 100-0418
Riley Perez,9,riley.perez@students.example.org,(941) 100-0419
Isaac Allen,10,isaac.allen@students.example.org,(352) 100-0420
Penelope Stewart,11,penelope.stewart@students.example.org,(352) 100-0421
Abigail Edwards,12,abigail.edwards@students.example.org,(813) 100-0422
Harper Evans,9,harper.evans@students.example.org,(941) 100-0423
Victoria Young,9,victoria.young@students.example.org,(352) 100-0424
Wyatt Wilson,9,wyatt.wilson@students.example.org,(352) 100-0425
Olivia Rivera,9,olivia.rivera@students.example.org,(863) 100-0426
Victoria Sanchez,12,victoria.sanchez@students.example.org,(863) 100-0427
William Edwards,9,william.edwards@students.example.org,(941) 100-0428
Scarlett Clark,11,scarlett.clark@students.example.org,(863) 100-0429
Lily Thompson,10,lily.thompson@students.example.org,(727) 100-0430
Luke Morgan,9,luke.morgan@students.example.org,(813) 100-0431
Ryan Morris,12,ryan.morris@students.example.org,(352) 100-0432
James Torres,11,james.torres@students.example.org,(941) 100-0433
Elizabeth Hall,10,elizabeth.hall@students.example.org,(863) 100-0434
Elijah Hill,9,elijah.hill@students.example.org,(941) 100-0435
Evelyn Gomez,9,evelyn.gomez@students.example.org,(813) 100-0436
Victoria Torres,9,victoria.torres@students.example.org,(352) 100-0437
Zoey Sanchez,12,zoey.sanchez@students.example.org,(727) 100-0438
Wyatt Martin,10,wyatt.martin@students.example.org,(813) 100-0439
Ryan Perez,10,ryan.perez@students.example.org,(813) 100-0440
Joseph Martinez,12,joseph.martinez@students.example.org,(813) 100-0441
Amelia Evans,10,amelia.evans@students.example.org,(352) 100-0442
Henry Walker,12,henry.walker@students.example.org,(727) 100-0443
Avery Gomez,12,avery.gomez@students.example.org,(813) 100-0444
Aiden Wright,10,aiden.wright@students.example.org,(352) 100-0445
Jack Wright,9,jack.wright@students.example.org,(352) 100-0446
Olivia Parker,9,olivia.parker@students.example.org,(941) 100-0447
Jackson Campbell,12,jackson.campbell@students.example.org,(727) 100-0448
Penelope Jones,9,penelope.jones@students.example.org,(941) 100-0449
Olivia Green,9,olivia.green@students.example.org,(352) 100-0450
Samuel Moore,11,samuel.moore@students.example.org,(727) 100-0451
Ethan Diaz,12,ethan.diaz@students.example.org,(813) 100-0452
Nathan Carter,11,nathan.carter@students.example.org,(863) 100-0453
Daniel Scott,9,daniel.scott@students.example.org,(352) 100-0454
Isabella Rivera,10,isabella.rivera@students.example.org,(352) 100-0455
Elijah Jones,11,elijah.jones@students.example.org,(813) 100-0456
Riley Parker,11,riley.parker@students.example.org,(863) 100-0457
Aubrey Adams,9,aubrey.adams@students.example.org,(352) 100-0458
Victoria Clark,9,victoria.clark@students.example.org,(352) 100-0459
Aiden Jones,10,aiden.jones@students.example.org,(727) 100-0460
Sebastian Rogers,11,sebastian.rogers@students.example.org,(813) 100-0461
Nathan Cruz,12,nathan.cruz@students.example.org,(941) 100-0462
Isaac Clark,11,isaac.clark@students.example.org,(352) 100-0463
Sophia Rivera,11,sophia.rivera@students.example.org,(813) 100-0464
Ava Rodriguez,10,ava.rodriguez@students.example.org,(352) 100-0465
Ethan Carter,12,ethan.carter@students.example.org,(863) 100-0466
Isaac Baker,12,isaac.baker@students.example.org,(813) 100-0467
Olivia Clark,12,olivia.clark@students.example.org,(863) 100-0468
Charlotte Rodriguez,12,charlotte.rodriguez@students.example.org,(727) 100-0469
Scarlett Anderson,9,scarlett.anderson@students.example.org,(727) 100-0470
Alexander Nelson,9,alexander.nelson@students.example.org,(727) 100-0471
Charlotte Moore,9,charlotte.moore@students.example.org,(863) 100-0472
Hannah Anderson,12,hannah.anderson@students.example.org,(941) 100-0473
Harper Diaz,12,harper.diaz@students.example.org,(727) 100-0474
Addison Ramirez,12,addison.ramirez@students.example.org,(813) 100-0475
Carter Jones,9,carter.jones@students.example.org,(727) 100-0476
Zoey Johnson,12,zoey.johnson@students.example.org,(863) 100-0477
Lily Morris,9,lily.morris@students.example.org,(863) 100-0478
Mason Roberts,12,mason.roberts@students.example.org,(352) 100-0479
Emily Moore,9,emily.moore@students.example.org,(813) 100-0480
Evelyn Reed,11,evelyn.reed@students.example.org,(352) 100-0481
Ava Young,10,ava.young@students.example.org,(813) 100-0482
Elizabeth Nguyen,9,elizabeth.nguyen@students.example.org,(863) 100-0483
Olivia Jones,10,olivia.jones@students.example.org,(863) 100-0484
Sebastian Torres,11,sebastian.torres@students.example.org,(863) 100-0485
Isaac Thompson,10,isaac.thompson@students.example.org,(941) 100-0486
Zoey Cruz,9,zoey.cruz@students.example.org,(352) 100-0487
Sophia Thomas,10,sophia.thomas@students.example.org,(941) 100-0488
Emily Torres,12,emily.torres@students.example.org,(863) 100-0489
Alexander Allen,10,alexander.allen@students.example.org,(352) 100-0490
Nathan Edwards,12,nathan.edwards@students.example.org,(813) 100-0491
Mason Edwards,10,mason.edwards@students.example.org,(813) 100-0492
Charlotte Anderson,11,charlotte.anderson@students.example.org,(352) 100-0493
Victoria King,10,victoria.king@students.example.org,(941) 100-0494
Noah Thompson,12,noah.thompson@students.example.org,(863) 100-0495
Jackson Allen,10,jackson.allen@students.example.org,(352) 100-0496
Michael Evans,12,michael.evans@students.example.org,(863) 100-0497
Aubrey Young,12,aubrey.young@students.example.org,(352) 100-0498
Elizabeth Taylor,12,elizabeth.taylor@students.example.org,(863) 100-0499
Jackson Garcia,11,jackson.garcia@students.example.org,(352) 100-0500
Penelope Gomez,12,penelope.gomez@students.example.org,(352) 100-0501
Carter Lee,9,carter.lee@students.example.org,(863) 100-0502
Madison Thompson,12,madison.thompson@students.example.org,(352) 100-0503
Alexander Perez,9,alexander.perez@students.example.org,(352) 100-0504
Chloe Lee,11,chloe.lee@students.example.org,(941) 100-0505
Henry White,10,henry.white@students.example.org,(863) 100-0506
Emily Lee,11,emily.lee@students.example.org,(813) 100-0507
Emily Parker,9,emily.parker@students.example.org,(727) 100-0508
Matthew Sanchez,12,matthew.sanchez@students.example.org,(813) 100-0509
Victoria Carter,12,victoria.carter@students.example.org,(813) 100-0510
Owen Reed,12,owen.reed@students.example.org,(352) 100-0511
Chloe Martin,9,chloe.martin@students.example.org,(727) 100-0512
Emily Harris,9,emily.harris@students.example.org,(813) 100-0513
Henry Evans,11,henry.evans@students.example.org,(813) 100-0514
Zoey Turner,11,zoey.turner@students.example.org,(352) 100-0515
Penelope Taylor,9,penelope.taylor@students.example.org,(727) 100-0516
Aubrey Gomez,12,aubrey.gomez@students.example.org,(727) 100-0517
Riley Hill,12,riley.hill@students.example.org,(352) 100-0518
James Green,11,james.green@students.example.org,(941) 100-0519
Victoria Adams,10,victoria.adams@students.example.org,(727) 100-0520
Emma Garcia,9,emma.garcia@students.example.org,(863) 100-0521
Wyatt Hill,10,wyatt.hill@students.example.org,(863) 100-0522
Jackson Morris,10,jackson.morris@students.example.org,(813) 100-0523
Henry Rodriguez,9,henry.rodriguez@students.example.org,(863) 100-0524
Elijah Robinson,9,elijah.robinson@students.example.org,(941) 100-0525
Benjamin Clark,9,benjamin.clark@students.example.org,(863) 100-0526
Isabella Diaz,12,isabella.diaz@students.example.org,(941) 100-0527
Jackson Anderson,10,jackson.anderson@students.example.org,(863) 100-0528
Ella Williams,9,ella.williams@students.example.org,(941) 100-0529
Sofia Adams,9,sofia.adams@students.example.org,(941) 100-0530
Alexander Morgan,12,alexander.morgan@students.example.org,(941) 100-0531
Riley Morris,12,riley.morris@students.example.org,(941) 100-0532
Ava Moore,10,ava.moore@students.example.org,(941) 100-0533
Michael Hill,10,michael.hill@students.example.org,(727) 100-0534
Chloe Rogers,9,chloe.rogers@students.example.org,(863) 100-0535
Henry Johnson,11,henry.johnson@students.example.org,(941) 100-0536
Noah Taylor,12,noah.taylor@students.example.org,(863) 100-0537
Grayson Rogers,10,grayson.rogers@students.example.org,(813) 100-0538
Sofia Turner,12,sofia.turner@students.example.org,(813) 100-0539
Sophia Jones,11,sophia.jones@students.example.org,(863) 100-0540
Scarlett Hall,10,scarlett.hall@students.example.org,(727) 100-0541
Michael Martinez,12,michael.martinez@students.example.org,(941) 100-0542
Aubrey Robinson,11,aubrey.robinson@students.example.org,(941) 100-0543
Ava Hall,11,ava.hall@students.example.org,(941) 100-0544
Emma Scott,10,emma.scott@students.example.org,(727) 100-0545
Victoria Walker,10,victoria.walker@students.example.org,(941) 100-0546
Joseph Martin,11,joseph.martin@students.example.org,(813) 100-0547
Owen King,10,owen.king@students.example.org,(727) 100-0548
Victoria Rogers,11,victoria.rogers@students.example.org,(352) 100-0549
Penelope Lee,11,penelope.lee@students.example.org,(941) 100-0550
Aubrey Campbell,12,aubrey.campbell@students.example.org,(941) 100-0551
Lucas Nelson,12,lucas.nelson@students.example.org,(941) 100-0552
Hannah Collins,11,hannah.collins@students.example.org,(863) 100-0553
Samuel Mitchell,9,samuel.mitchell@students.example.org,(941) 100-0554
Avery White,9,avery.white@students.example.org,(352) 100-0555
David Morris,12,david.morris@students.example.org,(727) 100-0556
Owen Jackson,9,owen.jackson@students.example.org,(352) 100-0557
Zoey Young,10,zoey.young@students.example.org,(813) 100-0558
Layla Morgan,10,layla.morgan@students.example.org,(813) 100-0559
Benjamin Jackson,11,benjamin.jackson@students.example.org,(727) 100-0560
Victoria Garcia,9,victoria.garcia@students.example.org,(813) 100-0561
Matthew Wright,10,matthew.wright@students.example.org,(941) 100-0562
Ella Torres,9,ella.torres@students.example.org,(813) 100-0563
Jackson Harris,12,jackson.harris@students.example.org,(352) 100-0564
Jackson Flores,10,jackson.flores@students.example.org,(941) 100-0565
Chloe Williams,12,chloe.williams@students.example.org,(727) 100-0566
David Hall,11,david.hall@students.example.org,(352) 100-0567
Addison Cruz,12,addison.cruz@students.example.org,(863) 100-0568
Wyatt Phillips,12,wyatt.phillips@students.example.org,(813) 100-0569
Hannah Flores,9,hannah.flores@students.example.org,(352) 100-0570
Charlotte Lee,11,charlotte.lee@students.example.org,(727) 100-0571
Sofia Sanchez,12,sofia.sanchez@students.example.org,(727) 100-0572
Evelyn Clark,11,evelyn.clark@students.example.org,(941) 100-0573
Scarlett Green,10,scarlett.green@students.example.org,(727) 100-0574
Dylan Thompson,11,dylan.thompson@students.example.org,(863) 100-0575
Abigail Reed,10,abigail.reed@students.example.org,(352) 100-0576
Matthew Carter,10,matthew.carter@students.example.org,(727) 100-0577
Aiden Phillips,9,aiden.phillips@students.example.org,(863) 100-0578
Joseph Rogers,9,joseph.rogers@students.example.org,(863) 100-0579
Penelope Allen,11,penelope.allen@students.example.org,(941) 100-0580
Emma Carter,11,emma.carter@students.example.org,(727) 100-0581
William Flores,10,william.flores@students.example.org,(941) 100-0582
Henry Nguyen,11,henry.nguyen@students.example.org,(352) 100-0583
Aiden Johnson,11,aiden.johnson@students.example.org,(863) 100-0584
Zoey Baker,10,zoey.baker@students.example.org,(352) 100-0585
Madison Torres,10,madison.torres@students.example.org,(813) 100-0586
Sebastian Morris,9,sebastian.morris@students.example.org,(941) 100-0587
Penelope Lewis,11,penelope.lewis@students.example.org,(863) 100-0588
Sofia Baker,11,sofia.baker@students.example.org,(352) 100-0589
Elizabeth Garcia,11,elizabeth.garcia@students.example.org,(941) 100-0590
Lillian Jones,10,lillian.jones@students.example.org,(727) 100-0591
Isabella Rodriguez,9,isabella.rodriguez@students.example.org,(941) 100-0592
Matthew Flores,10,matthew.flores@students.example.org,(863) 100-0593
Wyatt Moore,12,wyatt.moore@students.example.org,(352) 100-0594
Sofia Morgan,11,sofia.morgan@students.example.org,(727) 100-0595
Addison Turner,10,addison.turner@students.example.org,(813) 100-0596
Liam Green,11,liam.green@students.example.org,(813) 100-0597
Michael Jackson,11,michael.jackson@students.example.org,(727) 100-0598
Amelia Baker,12,amelia.baker@students.example.org,(941) 100-0599
Charlotte Mitchell,9,charlotte.mitchell@students.example.org,(352) 100-0600
Noah Cruz,11,noah.cruz@students.example.org,(863) 100-0601
Victoria Cruz,10,victoria.cruz@students.example.org,(941) 100-0602
Benjamin Baker,10,benjamin.baker@students.example.org,(352) 100-0603
Victoria Morgan,11,victoria.morgan@students.example.org,(863) 100-0604
Harper Phillips,9,harper.phillips@students.example.org,(863) 100-0605
Mia Hall,11,mia.hall@students.example.org,(941) 100-0606
Amelia Walker,11,amelia.walker@students.example.org,(352) 100-0607
Charlotte Collins,11,charlotte.collins@students.example.org,(941) 100-0608
Sofia Rodriguez,12,sofia.rodriguez@students.example.org,(863) 100-0609
Lily Evans,9,lily.evans@students.example.org,(813) 100-0610
Grace Scott,10,grace.scott@students.example.org,(813) 100-0611
Grace Nguyen,9,grace.nguyen@students.example.org,(352) 100-0612
Noah Perez,10,noah.perez@students.example.org,(941) 100-0613
Hannah Wilson,9,hannah.wilson@students.example.org,(352) 100-0614
Charlotte Parker,10,charlotte.parker@students.example.org,(727) 100-0615
Sebastian Hill,12,sebastian.hill@students.example.org,(352) 100-0616
Liam Baker,10,liam.baker@students.example.org,(941) 100-0617
Grace White,12,grace.white@students.example.org,(352) 100-0618
Alexander Morris,10,alexander.morris@students.example.org,(352) 100-0619
Abigail Cruz,12,abigail.cruz@students.example.org,(813) 100-0620
Harper Roberts,9,harper.roberts@students.example.org,(352) 100-0621
Nathan Thompson,9,nathan.thompson@students.example.org,(352) 100-0622
Dylan Mitchell,10,dylan.mitchell@students.example.org,(813) 100-0623
Jack Hill,9,jack.hill@students.example.org,(941) 100-0624
Chloe Clark,10,chloe.clark@students.example.org,(813) 100-0625
Scarlett Turner,12,scarlett.turner@students.example.org,(863) 100-0626
Emma Thompson,12,emma.thompson@students.example.org,(863) 100-0627
Emma Moore,12,emma.moore@students.example.org,(813) 100-0628
Aubrey Sanchez,9,aubrey.sanchez@students.example.org,(863) 100-0629
Benjamin Robinson,9,benjamin.robinson@students.example.org,(941) 100-0630
Michael Adams,9,michael.adams@students.example.org,(941) 100-0631
Mia Parker,9,mia.parker@students.example.org,(941) 100-0632
Victoria Turner,9,victoria.turner@students.example.org,(352) 100-0633
Isabella Harris,11,isabella.harris@students.example.org,(941) 100-0634
Jack Nguyen,9,jack.nguyen@students.example.org,(813) 100-0635
Penelope Harris,11,penelope.harris@students.example.org,(941) 100-0636
Sebastian Baker,9,sebastian.baker@students.example.org,(813) 100-0637
Elizabeth Morris,12,elizabeth.morris@students.example.org,(863) 100-0638
Harper Allen,12,harper.allen@students.example.org,(352) 100-0639
David Rogers,12,david.rogers@students.example.org,(727) 100-0640
Wyatt Smith,10,wyatt.smith@students.example.org,(727) 100-0641
Madison Anderson,12,madison.anderson@students.example.org,(941) 100-0642
Emma Anderson,11,emma.anderson@students.example.org,(727) 100-0643
Scarlett Lee,11,scarlett.lee@students.example.org,(813) 100-0644
Liam Anderson,9,liam.anderson@students.example.org,(941) 100-0645
Noah Rogers,10,noah.rogers@students.example.org,(352) 100-0646
Mia Gomez,9,mia.gomez@students.example.org,(352) 100-0647
Olivia Sanchez,12,olivia.sanchez@students.example.org,(941) 100-0648
Charlotte Adams,9,charlotte.adams@students.example.org,(813) 100-0649
Madison Martin,10,madison.martin@students.example.org,(813) 100-0650
Grayson Turner,10,grayson.turner@students.example.org,(863) 100-0651
Alexander Roberts,10,alexander.roberts@students.example.org,(727) 100-0652
Mason Morgan,10,mason.morgan@students.example.org,(727) 100-0653
Riley Clark,11,riley.clark@students.example.org,(727) 100-0654
Grace Torres,9,grace.torres@students.example.org,(727) 100-0655
Evelyn Ramirez,9,evelyn.ramirez@students.example.org,(941) 100-0656
Samuel Young,12,samuel.young@students.example.org,(941) 100-0657
Lucas Rodriguez,9,lucas.rodriguez@students.example.org,(813) 100-0658
Samuel Jones,9,samuel.jones@students.example.org,(813) 100-0659
Isaac Scott,9,isaac.scott@students.example.org,(727) 100-0660
Addison Martinez,12,addison.martinez@students.example.org,(813) 100-0661
Ryan Martin,11,ryan.martin@students.example.org,(727) 100-0662
Ella Rogers,10,ella.rogers@students.example.org,(352) 100-0663
Scarlett Taylor,11,scarlett.taylor@students.example.org,(941) 100-0664
Isabella Ramirez,9,isabella.ramirez@students.example.org,(727) 100-0665
Sebastian White,11,sebastian.white@students.example.org,(863) 100-0666
Madison Morris,12,madison.morris@students.example.org,(813) 100-0667
Madison Cook,11,madison.cook@students.example.org,(941) 100-0668
Aubrey Johnson,10,aubrey.johnson@students.example.org,(941) 100-0669
Daniel Wilson,11,daniel.wilson@students.example.org,(813) 100-0670
Benjamin Lewis,12,benjamin.lewis@students.example.org,(727) 100-0671
Elizabeth Williams,9,elizabeth.williams@students.example.org,(813) 100-0672
Layla Jones,10,layla.jones@students.example.org,(727) 100-0673
William Perez,12,william.perez@students.example.org,(813) 100-0674
Amelia Moore,11,amelia.moore@students.example.org,(727) 100-0675
Amelia Taylor,11,amelia.taylor@students.example.org,(863) 100-0676
Emily Nelson,12,emily.nelson@students.example.org,(863) 100-0677
Chloe Hill,11,chloe.hill@students.example.org,(813) 100-0678
Avery Lee,12,avery.lee@students.example.org,(941) 100-0679
Harper Nguyen,9,harper.nguyen@students.example.org,(727) 100-0680
James Rodriguez,9,james.rodriguez@students.example.org,(813) 100-0681
Wyatt Hall,10,wyatt.hall@students.example.org,(941) 100-0682
Benjamin Cook,10,benjamin.cook@students.example.org,(813) 100-0683
Samuel Reed,9,samuel.reed@students.example.org,(352) 100-0684
Matthew Phillips,9,matthew.phillips@students.example.org,(941) 100-0685
Mason Stewart,9,mason.stewart@students.example.org,(941) 100-0686
Daniel Roberts,12,daniel.roberts@students.example.org,(941) 100-0687
Nathan Moore,10,nathan.moore@students.example.org,(352) 100-0688
Addison Diaz,11,addison.diaz@students.example.org,(941) 100-0689
Hannah Thomas,12,hannah.thomas@students.example.org,(727) 100-0690
Ella Rivera,11,ella.rivera@students.example.org,(863) 100-0691
Elijah Sanchez,10,elijah.sanchez@students.example.org,(941) 100-0692
Madison Carter,11,madison.carter@students.example.org,(727) 100-0693
Abigail Taylor,12,abigail.taylor@students.example.org,(941) 100-0694
Daniel Anderson,9,daniel.anderson@students.example.org,(863) 100-0695
Isabella Johnson,11,isabella.johnson@students.example.org,(941) 100-0696
Ryan Brown,9,ryan.brown@students.example.org,(727) 100-0697
Daniel Torres,10,daniel.torres@students.example.org,(941) 100-0698
Owen Taylor,10,owen.taylor@students.example.org,(863) 100-0699
Jackson Rogers,10,jackson.rogers@students.example.org,(727) 100-0700
Grayson Nelson,10,grayson.nelson@students.example.org,(863) 100-0701
Harper Reed,11,harper.reed@students.example.org,(352) 100-0702
Zoey Wilson,10,zoey.wilson@students.example.org,(863) 100-0703
Sophia Rodriguez,10,sophia.rodriguez@students.example.org,(352) 100-0704
Lucas Jones,11,lucas.jones@students.example.org,(813) 100-0705
Dylan Gomez,10,dylan.gomez@students.example.org,(352) 100-0706
Carter Nguyen,10,carter.nguyen@students.example.org,(941) 100-0707
David Flores,11,david.flores@students.example.org,(863) 100-0708
Luke Morris,12,luke.morris@students.example.org,(863) 100-0709
Zoey Martin,9,zoey.martin@students.example.org,(352) 100-0710
Benjamin Walker,11,benjamin.walker@students.example.org,(352) 100-0711
Joseph Edwards,11,joseph.edwards@students.example.org,(813) 100-0712
David Gomez,10,david.gomez@students.example.org,(863) 100-0713
Noah Wright,12,noah.wright@students.example.org,(813) 100-0714
Aubrey Wilson,9,aubrey.wilson@students.example.org,(941) 100-0715
Ryan Campbell,11,ryan.campbell@students.example.org,(863) 100-0716
Aiden Martin,10,aiden.martin@students.example.org,(941) 100-0717
Charlotte Martinez,12,charlotte.martinez@students.example.org,(813) 100-0718
Ryan King,11,ryan.king@students.example.org,(863) 100-0719
Noah Martin,12,noah.martin@students.example.org,(941) 100-0720
Joseph Moore,9,joseph.moore@students.example.org,(941) 100-0721
Joseph Cruz,10,joseph.cruz@students.example.org,(863) 100-0722
Scarlett Smith,10,scarlett.smith@students.example.org,(727) 100-0723
Elijah Rivera,9,elijah.rivera@students.example.org,(941) 100-0724
Lillian Rivera,11,lillian.rivera@students.example.org,(727) 100-0725
Evelyn White,10,evelyn.white@students.example.org,(727) 100-0726
Avery Morris,10,avery.morris@students.example.org,(813) 100-0727
Jackson Young,9,jackson.young@students.example.org,(727) 100-0728
Emily Thompson,12,emily.thompson@students.example.org,(813) 100-0729
Sofia Taylor,9,sofia.taylor@students.example.org,(863) 100-0730
Dylan Sanchez,12,dylan.sanchez@students.example.org,(863) 100-0731
Ethan Jones,10,ethan.jones@students.example.org,(941) 100-0732
Emma Rivera,10,emma.rivera@students.example.org,(863) 100-0733
Penelope Robinson,9,penelope.robinson@students.example.org,(727) 100-0734
Mia Harris,9,mia.harris@students.example.org,(727) 100-0735
Michael Thompson,10,michael.thompson@students.example.org,(727) 100-0736
David Carter,9,david.carter@students.example.org,(941) 100-0737
Avery Taylor,10,avery.taylor@students.example.org,(352) 100-0738
Emma Edwards,10,emma.edwards@students.example.org,(813) 100-0739
Hannah Rivera,10,hannah.rivera@students.example.org,(941) 100-0740
Benjamin Wilson,12,benjamin.wilson@students.example.org,(941) 100-0741
Liam Flores,9,liam.flores@students.example.org,(813) 100-0742
Isaac Anderson,9,isaac.anderson@students.example.org,(727) 100-0743
Emily Diaz,12,emily.diaz@students.example.org,(941) 100-0744
Ella Edwards,12,ella.edwards@students.example.org,(863) 100-0745
Alexander Thomas,10,alexander.thomas@students.example.org,(727) 100-0746
Elijah Baker,12,elijah.baker@students.example.org,(941) 100-0747
Layla Martinez,10,layla.martinez@students.example.org,(941) 100-0748
Zoey Lee,10,zoey.lee@students.example.org,(941) 100-0749
David Parker,11,david.parker@students.example.org,(727) 100-0750
Nathan White,11,nathan.white@students.example.org,(863) 100-0751
Jack Martin,9,jack.martin@students.example.org,(727) 100-0752
Elizabeth Robinson,12,elizabeth.robinson@students.example.org,(863) 100-0753
Mason Anderson,10,mason.anderson@students.example.org,(352) 100-0754
Penelope Hill,9,penelope.hill@students.example.org,(727) 100-0755
James Williams,12,james.williams@students.example.org,(727) 100-0756
Benjamin Green,9,benjamin.green@students.example.org,(727) 100-0757
Lillian Phillips,12,lillian.phillips@students.example.org,(941) 100-0758
Riley Walker,9,riley.walker@students.example.org,(941) 100-0759
Joseph Green,9,joseph.green@students.example.org,(352) 100-0760
Charlotte Jones,12,charlotte.jones@students.example.org,(727) 100-0761
Charlotte Diaz,9,charlotte.diaz@students.example.org,(863) 100-0762
David Lee,12,david.lee@students.example.org,(813) 100-0763
Riley Morgan,9,riley.morgan@students.example.org,(941) 100-0764
Matthew Harris,12,matthew.harris@students.example.org,(727) 100-0765
Layla Flores,12,layla.flores@students.example.org,(863) 100-0766
Riley Evans,11,riley.evans@students.example.org,(941) 100-0767
Lily Gomez,9,lily.gomez@students.example.org,(863) 100-0768
Matthew Rogers,10,matthew.rogers@students.example.org,(813) 100-0769
Luke Jackson,12,luke.jackson@students.example.org,(727) 100-0770
Lily Turner,9,lily.turner@students.example.org,(813) 100-0771
James Martinez,12,james.martinez@students.example.org,(813) 100-0772
Grace Young,10,grace.young@students.example.org,(352) 100-0773
Hannah Allen,9,hannah.allen@students.example.org,(941) 100-0774
Isabella Reed,9,isabella.reed@students.example.org,(941) 100-0775
Elizabeth Sanchez,9,elizabeth.sanchez@students.example.org,(863) 100-0776
Lillian Thompson,10,lillian.thompson@students.example.org,(813) 100-0777
Addison Nguyen,12,addison.nguyen@students.example.org,(813) 100-0778
Ethan Smith,9,ethan.smith@students.example.org,(727) 100-0779
Emma Turner,12,emma.turner@students.example.org,(941) 100-0780
Jackson Hall,11,jackson.hall@students.example.org,(813) 100-0781
Benjamin Wright,12,benjamin.wright@students.example.org,(941) 100-0782
James Thompson,11,james.thompson@students.example.org,(941) 100-0783
Scarlett Evans,11,scarlett.evans@students.example.org,(863) 100-0784
Isaac Evans,10,isaac.evans@students.example.org,(863) 100-0785
Sebastian Garcia,12,sebastian.garcia@students.example.org,(727) 100-0786
Riley Allen,11,riley.allen@students.example.org,(941) 100-0787
Elizabeth Morgan,12,elizabeth.morgan@students.example.org,(813) 100-0788
Chloe Wright,11,chloe.wright@students.example.org,(941) 100-0789
Samuel Thompson,11,samuel.thompson@students.example.org,(863) 100-0790
Scarlett Baker,10,scarlett.baker@students.example.org,(352) 100-0791
David Morgan,10,david.morgan@students.example.org,(863) 100-0792
James Brown,10,james.brown@students.example.org,(352) 100-0793
Samuel Perez,10,samuel.perez@students.example.org,(941) 100-0794
Madison Reed,12,madison.reed@students.example.org,(813) 100-0795
Matthew Smith,9,matthew.smith@students.example.org,(727) 100-0796
Olivia Young,12,olivia.young@students.example.org,(352) 100-0797
Madison Gomez,9,madison.gomez@students.example.org,(727) 100-0798
Ava Williams,12,ava.williams@students.example.org,(941) 100-0799
Avery Garcia,12,avery.garcia@students.example.org,(352) 100-0800
Elizabeth Rogers,9,elizabeth.rogers@students.example.org,(813) 100-0801
Victoria Rodriguez,10,victoria.rodriguez@students.example.org,(813) 100-0802
Sebastian Harris,9,sebastian.harris@students.example.org,(941) 100-0803
Evelyn Evans,9,evelyn.evans@students.example.org,(863) 100-0804
Daniel Jones,12,daniel.jones@students.example.org,(941) 100-0805
Evelyn Torres,11,evelyn.torres@students.example.org,(941) 100-0806
Henry Wilson,9,henry.wilson@students.example.org,(727) 100-0807
Riley Williams,12,riley.williams@students.example.org,(863) 100-0808
Ava Rogers,9,ava.rogers@students.example.org,(727) 100-0809
Grayson Thomas,11,grayson.thomas@students.example.org,(727) 100-0810
Olivia Lewis,9,olivia.lewis@students.example.org,(941) 100-0811
Ryan Nelson,10,ryan.nelson@students.example.org,(941) 100-0812
Mason Martin,10,mason.martin@students.example.org,(352) 100-0813
Michael Thomas,11,michael.thomas@students.example.org,(727) 100-0814
Luke Ramirez,9,luke.ramirez@students.example.org,(727) 100-0815
Carter Clark,9,carter.clark@students.example.org,(813) 100-0816
Nathan Parker,12,nathan.parker@students.example.org,(813) 100-0817
Dylan Harris,12,dylan.harris@students.example.org,(863) 100-0818
Matthew Clark,10,matthew.clark@students.example.org,(941) 100-0819
Emma Gomez,9,emma.gomez@students.example.org,(352) 100-0820
Luke Nguyen,9,luke.nguyen@students.example.org,(941) 100-0821
Daniel Clark,11,daniel.clark@students.example.org,(941) 100-0822
Emma Diaz,11,emma.diaz@students.example.org,(813) 100-0823
Nathan Ramirez,11,nathan.ramirez@students.example.org,(727) 100-0824
Ryan Smith,10,ryan.smith@students.example.org,(863) 100-0825
Chloe Turner,12,chloe.turner@students.example.org,(941) 100-0826
Ethan Morgan,9,ethan.morgan@students.example.org,(813) 100-0827
Luke Baker,10,luke.baker@students.example.org,(863) 100-0828
Jack Walker,9,jack.walker@students.example.org,(941) 100-0829
Dylan Edwards,9,dylan.edwards@students.example.org,(941) 100-0830
Liam Wilson,11,liam.wilson@students.example.org,(813) 100-0831
Grace Morris,9,grace.morris@students.example.org,(941) 100-0832
Owen Anderson,11,owen.anderson@students.example.org,(941) 100-0833
Abigail Rivera,11,abigail.rivera@students.example.org,(863) 100-0834
Amelia Turner,12,amelia.turner@students.example.org,(941) 100-0835
Harper Scott,12,harper.scott@students.example.org,(727) 100-0836
James Anderson,11,james.anderson@students.example.org,(863) 100-0837
Evelyn Anderson,12,evelyn.anderson@students.example.org,(941) 100-0838
Ethan Allen,9,ethan.allen@students.example.org,(863) 100-0839
Harper Hill,9,harper.hill@students.example.org,(813) 100-0840
Madison Johnson,9,madison.johnson@students.example.org,(863) 100-0841
Mason Brown,10,mason.brown@students.example.org,(727) 100-0842
Wyatt Young,11,wyatt.young@students.example.org,(863) 100-0843
Ella Allen,11,ella.allen@students.example.org,(941) 100-0844
Michael Anderson,9,michael.anderson@students.example.org,(813) 100-0845
David Ramirez,10,david.ramirez@students.example.org,(813) 100-0846
Victoria Cook,9,victoria.cook@students.example.org,(863) 100-0847
Dylan Smith,11,dylan.smith@students.example.org,(352) 100-0848
Zoey Hill,10,zoey.hill@students.example.org,(863) 100-0849
Joseph Lee,11,joseph.lee@students.example.org,(813) 100-0850
Amelia Brown,10,amelia.brown@students.example.org,(941) 100-0851
Sebastian Reed,11,sebastian.reed@students.example.org,(727) 100-0852
Benjamin Jones,10,benjamin.jones@students.example.org,(863) 100-0853
James Martin,10,james.martin@students.example.org,(727) 100-0854
Benjamin Thompson,10,benjamin.thompson@students.example.org,(813) 100-0855
Charlotte Perez,10,charlotte.perez@students.example.org,(727) 100-0856
Samuel Johnson,10,samuel.johnson@students.example.org,(727) 100-0857
Luke Wright,11,luke.wright@students.example.org,(727) 100-0858
Owen Rogers,9,owen.rogers@students.example.org,(352) 100-0859
Emma Lewis,9,emma.lewis@students.example.org,(863) 100-0860
Charlotte Stewart,9,charlotte.stewart@students.example.org,(941) 100-0861
Ethan Wilson,9,ethan.wilson@students.example.org,(863) 100-0862
Amelia Martin,11,amelia.martin@students.example.org,(941) 100-0863
Noah Turner,11,noah.turner@students.example.org,(863) 100-0864
Addison Perez,11,addison.perez@students.example.org,(863) 100-0865
Isaac Carter,10,isaac.carter@students.example.org,(941) 100-0866
Avery Jackson,11,avery.jackson@students.example.org,(863) 100-0867
Emily King,10,emily.king@students.example.org,(941) 100-0868
Harper Jackson,10,harper.jackson@students.example.org,(352) 100-0869
Noah Williams,12,noah.williams@students.example.org,(863) 100-0870
Dylan Nelson,9,dylan.nelson@students.example.org,(941) 100-0871
Matthew Young,11,matthew.young@students.example.org,(863) 100-0872
Joseph Nguyen,10,joseph.nguyen@students.example.org,(863) 100-0873
Wyatt Rodriguez,9,wyatt.rodriguez@students.example.org,(941) 100-0874
Benjamin Moore,12,benjamin.moore@students.example.org,(813) 100-0875
Sebastian Johnson,9,sebastian.johnson@students.example.org,(352) 100-0876
Grayson Martin,10,grayson.martin@students.example.org,(863) 100-0877
Abigail Jones,9,abigail.jones@students.example.org,(813) 100-0878
Sophia Robinson,11,sophia.robinson@students.example.org,(941) 100-0879
Isaac Lewis,11,isaac.lewis@students.example.org,(727) 100-0880
Wyatt King,11,wyatt.king@students.example.org,(727) 100-0881
Wyatt Harris,11,wyatt.harris@students.example.org,(863) 100-0882
Sofia Campbell,11,sofia.campbell@students.example.org,(813) 100-0883
James Taylor,10,james.taylor@students.example.org,(863) 100-0884
Dylan Rodriguez,12,dylan.rodriguez@students.example.org,(727) 100-0885
Victoria Ramirez,12,victoria.ramirez@students.example.org,(813) 100-0886
Mia Rogers,11,mia.rogers@students.example.org,(863) 100-0887
Elizabeth Clark,11,elizabeth.clark@students.example.org,(863) 100-0888
David Phillips,10,david.phillips@students.example.org,(941) 100-0889
Lily Lewis,10,lily.lewis@students.example.org,(941) 100-0890
Abigail Rogers,10,abigail.rogers@students.example.org,(352) 100-0891
Victoria Williams,11,victoria.williams@students.example.org,(727) 100-0892
Ava Collins,12,ava.collins@students.example.org,(863) 100-0893
Layla Nguyen,10,layla.nguyen@students.example.org,(727) 100-0894
William Torres,10,william.torres@students.example.org,(863) 100-0895
Hannah Phillips,9,hannah.phillips@students.example.org,(727) 100-0896
Liam Smith,12,liam.smith@students.example.org,(863) 100-0897
Benjamin Martin,10,benjamin.martin@students.example.org,(941) 100-0898
Liam Garcia,11,liam.garcia@students.example.org,(863) 100-0899
Wyatt Taylor,11,wyatt.taylor@students.example.org,(813) 100-0900
Elijah Edwards,9,elijah.edwards@students.example.org,(863) 100-0901
James Jackson,9,james.jackson@students.example.org,(727) 100-0902
Emma Phillips,9,emma.phillips@students.example.org,(727) 100-0903
William Stewart,11,william.stewart@students.example.org,(863) 100-0904
Layla Moore,9,layla.moore@students.example.org,(863) 100-0905
Henry Hall,11,henry.hall@students.example.org,(813) 100-0906
Ella Mitchell,11,ella.mitchell@students.example.org,(813) 100-0907
Sofia Evans,11,sofia.evans@students.example.org,(813) 100-0908
Nathan Thomas,9,nathan.thomas@students.example.org,(863) 100-0909
Grace Harris,9,grace.harris@students.example.org,(813) 100-0910
William Carter,10,william.carter@students.example.org,(941) 100-0911
Addison Roberts,10,addison.roberts@students.example.org,(813) 100-0912
Penelope Carter,11,penelope.carter@students.example.org,(813) 100-0913
Emily Jackson,12,emily.jackson@students.example.org,(863) 100-0914
Mason Phillips,9,mason.phillips@students.example.org,(863) 100-0915
Riley Cook,11,riley.cook@students.example.org,(863) 100-0916
Madison Ramirez,10,madison.ramirez@students.example.org,(727) 100-0917
Luke Edwards,11,luke.edwards@students.example.org,(863) 100-0918
Emma Morgan,12,emma.morgan@students.example.org,(352) 100-0919
Riley Adams,9,riley.adams@students.example.org,(727) 100-0920
Owen Rivera,11,owen.rivera@students.example.org,(727) 100-0921
Carter Thomas,11,carter.thomas@students.example.org,(813) 100-0922
Evelyn Allen,11,evelyn.allen@students.example.org,(813) 100-0923
Olivia Lee,12,olivia.lee@students.example.org,(813) 100-0924
Lily Reed,12,lily.reed@students.example.org,(813) 100-0925
Luke Williams,12,luke.williams@students.example.org,(863) 100-0926
Joseph Sanchez,10,joseph.sanchez@students.example.org,(727) 100-0927
Penelope Edwards,9,penelope.edwards@students.example.org,(727) 100-0928
Samuel Thomas,10,samuel.thomas@students.example.org,(813) 100-0929
Sebastian Brown,9,sebastian.brown@students.example.org,(727) 100-0930
Henry Adams,10,henry.adams@students.example.org,(863) 100-0931
Ryan White,9,ryan.white@students.example.org,(352) 100-0932
Benjamin Reed,9,benjamin.reed@students.example.org,(863) 100-0933
Hannah Diaz,9,hannah.diaz@students.example.org,(352) 100-0934
Henry Brown,12,henry.brown@students.example.org,(941) 100-0935
Harper Martinez,9,harper.martinez@students.example.org,(352) 100-0936
Liam Morgan,11,liam.morgan@students.example.org,(941) 100-0937
James Nguyen,10,james.nguyen@students.example.org,(352) 100-0938
Grayson Rivera,12,grayson.rivera@students.example.org,(813) 100-0939
Amelia Flores,10,amelia.flores@students.example.org,(727) 100-0940
Riley Jones,11,riley.jones@students.example.org,(863) 100-0941
Jack Stewart,10,jack.stewart@students.example.org,(727) 100-0942
Luke Harris,10,luke.harris@students.example.org,(352) 100-0943
Benjamin Anderson,9,benjamin.anderson@students.example.org,(813) 100-0944
Daniel Stewart,11,daniel.stewart@students.example.org,(863) 100-0945
Joseph Hill,12,joseph.hill@students.example.org,(941) 100-0946
Lily Smith,11,lily.smith@students.example.org,(941) 100-0947
Jack Johnson,12,jack.johnson@students.example.org,(727) 100-0948
Evelyn Campbell,10,evelyn.campbell@students.example.org,(941) 100-0949
Madison Moore,12,madison.moore@students.example.org,(941) 100-0950
Penelope Morgan,12,penelope.morgan@students.example.org,(941) 100-0951
Liam Stewart,11,liam.stewart@students.example.org,(813) 100-0952
Isaac Wright,12,isaac.wright@students.example.org,(941) 100-0953
Alexander King,10,alexander.king@students.example.org,(352) 100-0954
Penelope Cruz,12,penelope.cruz@students.example.org,(813) 100-0955
Addison Clark,11,addison.clark@students.example.org,(863) 100-0956
Zoey Jones,11,zoey.jones@students.example.org,(727) 100-0957
Benjamin Johnson,11,benjamin.johnson@students.example.org,(352) 100-0958
James Nelson,9,james.nelson@students.example.org,(941) 100-0959
Isaac Green,10,isaac.green@students.example.org,(813) 100-0960
Lillian Scott,11,lillian.scott@students.example.org,(863) 100-0961
Abigail Martin,9,abigail.martin@students.example.org,(863) 100-0962
David Sanchez,12,david.sanchez@students.example.org,(813) 100-0963
Zoey Flores,9,zoey.flores@students.example.org,(863) 100-0964
Penelope Baker,11,penelope.baker@students.example.org,(941) 100-0965
Madison Roberts,10,madison.roberts@students.example.org,(352) 100-0966
Ava Jackson,11,ava.jackson@students.example.org,(727) 100-0967
Owen Ramirez,12,owen.ramirez@students.example.org,(941) 100-0968
Abigail Campbell,12,abigail.campbell@students.example.org,(863) 100-0969
Michael Lee,10,michael.lee@students.example.org,(727) 100-0970
Lily Moore,12,lily.moore@students.example.org,(863) 100-0971
Mason Campbell,10,mason.campbell@students.example.org,(813) 100-0972
Layla Young,9,layla.young@students.example.org,(863) 100-0973
Charlotte Morris,10,charlotte.morris@students.example.org,(941) 100-0974
Aiden Martinez,11,aiden.martinez@students.example.org,(813) 100-0975
Ethan Flores,11,ethan.flores@students.example.org,(863) 100-0976
Sofia Martin,10,sofia.martin@students.example.org,(352) 100-0977
Lucas Cook,10,lucas.cook@students.example.org,(727) 100-0978
James Garcia,11,james.garcia@students.example.org,(352) 100-0979
Henry Sanchez,12,henry.sanchez@students.example.org,(941) 100-0980
Penelope Torres,12,penelope.torres@students.example.org,(813) 100-0981
Scarlett King,12,scarlett.king@students.example.org,(727) 100-0982
Grace Sanchez,11,grace.sanchez@students.example.org,(352) 100-0983
Scarlett Mitchell,10,scarlett.mitchell@students.example.org,(352) 100-0984
Avery Carter,9,avery.carter@students.example.org,(727) 100-0985
Chloe Sanchez,9,chloe.sanchez@students.example.org,(813) 100-0986
Grayson Flores,11,grayson.flores@students.example.org,(727) 100-0987
Matthew Johnson,12,matthew.johnson@students.example.org,(352) 100-0988
Noah Phillips,10,noah.phillips@students.example.org,(352) 100-0989
Mia Wright,10,mia.wright@students.example.org,(352) 100-0990
Sophia Perez,12,sophia.perez@students.example.org,(727) 100-0991
Michael Walker,11,michael.walker@students.example.org,(863) 100-0992
Abigail Carter,11,abigail.carter@students.example.org,(863) 100-0993
Dylan Cook,11,dylan.cook@students.example.org,(863) 100-0994
Matthew Adams,9,matthew.adams@students.example.org,(813) 100-0995
Olivia Johnson,9,olivia.johnson@students.example.org,(727) 100-0996
Zoey Harris,9,zoey.harris@students.example.org,(813) 100-0997
Elijah White,12,elijah.white@students.example.org,(352) 100-0998
Hannah Lewis,12,hannah.lewis@students.example.org,(727) 100-0999
Addison Nelson,10,addison.nelson@students.example.org,(813) 100-1000
Elizabeth Moore,12,elizabeth.moore@students.example.org,(352) 100-1001
Ethan Perez,9,ethan.perez@students.example.org,(727) 100-1002
Avery Nguyen,12,avery.nguyen@students.example.org,(863) 100-1003
Isabella Flores,10,isabella.flores@students.example.org,(352) 100-1004
Lucas Mitchell,10,lucas.mitchell@students.example.org,(863) 100-1005
Sophia Morris,9,sophia.morris@students.example.org,(941) 100-1006
Henry Williams,10,henry.williams@students.example.org,(863) 100-1007
Elizabeth Thompson,12,elizabeth.thompson@students.example.org,(813) 100-1008
Jack Edwards,11,jack.edwards@students.example.org,(727) 100-1009
Sebastian Morgan,9,sebastian.morgan@students.example.org,(941) 100-1010
Lucas Lewis,9,lucas.lewis@students.example.org,(813) 100-1011
Penelope Scott,12,penelope.scott@students.example.org,(813) 100-1012
David Smith,10,david.smith@students.example.org,(813) 100-1013
Hannah King,9,hannah.king@students.example.org,(727) 100-1014
Sophia Wilson,9,sophia.wilson@students.example.org,(727) 100-1015
Riley Moore,12,riley.moore@students.example.org,(813) 100-1016
Daniel Wright,9,daniel.wright@students.example.org,(727) 100-1017
Grace Rivera,11,grace.rivera@students.example.org,(941) 100-1018
Victoria Gomez,9,victoria.gomez@students.example.org,(863) 100-1019
Matthew Walker,10,matthew.walker@students.example.org,(352) 100-1020
Sofia Diaz,9,sofia.diaz@students.example.org,(941) 100-1021
Aiden Collins,12,aiden.collins@students.example.org,(941) 100-1022
Ella King,10,ella.king@students.example.org,(813) 100-1023
Henry Martin,9,henry.martin@students.example.org,(727) 100-1024
Isaac Collins,10,isaac.collins@students.example.org,(863) 100-1025
Jackson Turner,9,jackson.turner@students.example.org,(941) 100-1026
Aubrey Edwards,11,aubrey.edwards@students.example.org,(352) 100-1027
Isabella Stewart,9,isabella.stewart@students.example.org,(813) 100-1028
Penelope Evans,10,penelope.evans@students.example.org,(941) 100-1029
Daniel Taylor,9,daniel.taylor@students.example.org,(727) 100-1030
Lucas Williams,12,lucas.williams@students.example.org,(727) 100-1031
Layla Taylor,11,layla.taylor@students.example.org,(941) 100-1032
Ava Evans,11,ava.evans@students.example.org,(863) 100-1033
Layla Garcia,10,layla.garcia@students.example.org,(352) 100-1034
Noah Lee,12,noah.lee@students.example.org,(813) 100-1035
Abigail Torres,10,abigail.torres@students.example.org,(813) 100-1036
Grace Taylor,9,grace.taylor@students.example.org,(863) 100-1037
Owen Perez,12,owen.perez@students.example.org,(941) 100-1038
Grayson Anderson,11,grayson.anderson@students.example.org,(941) 100-1039
Mason Parker,12,mason.parker@students.example.org,(727) 100-1040
Joseph Evans,10,joseph.evans@students.example.org,(941) 100-1041
Addison Baker,11,addison.baker@students.example.org,(813) 100-1042
Carter Lewis,12,carter.lewis@students.example.org,(813) 100-1043
Lucas Scott,10,lucas.scott@students.example.org,(352) 100-1044
Emma King,10,emma.king@students.example.org,(863) 100-1045
Alexander Phillips,11,alexander.phillips@students.example.org,(813) 100-1046
Isabella Phillips,11,isabella.phillips@students.example.org,(863) 100-1047
Ethan Hall,9,ethan.hall@students.example.org,(941) 100-1048
Wyatt Martinez,12,wyatt.martinez@students.example.org,(727) 100-1049
Lucas Thompson,9,lucas.thompson@students.example.org,(941) 100-1050
Noah Parker,11,noah.parker@students.example.org,(941) 100-1051
Sophia Flores,10,sophia.flores@students.example.org,(813) 100-1052
Avery Jones,9,avery.jones@students.example.org,(941) 100-1053
Ethan Cook,12,ethan.cook@students.example.org,(727) 100-1054
Abigail Clark,12,abigail.clark@students.example.org,(941) 100-1055
Hannah Nguyen,10,hannah.nguyen@students.example.org,(941) 100-1056
Matthew White,11,matthew.white@students.example.org,(813) 100-1057
Ethan Scott,12,ethan.scott@students.example.org,(813) 100-1058
Madison Williams,9,madison.williams@students.example.org,(352) 100-1059
Aiden Jackson,9,aiden.jackson@students.example.org,(352) 100-1060
Owen Hill,10,owen.hill@students.example.org,(727) 100-1061
Grace Cook,9,grace.cook@students.example.org,(727) 100-1062
Emma White,9,emma.white@students.example.org,(863) 100-1063
Abigail Wright,10,abigail.wright@students.example.org,(352) 100-1064
Joseph Perez,9,joseph.perez@students.example.org,(941) 100-1065
Sebastian Cruz,12,sebastian.cruz@students.example.org,(863) 100-1066
Harper Stewart,11,harper.stewart@students.example.org,(352) 100-1067
Luke Parker,11,luke.parker@students.example.org,(727) 100-1068
Lillian Martinez,9,lillian.martinez@students.example.org,(352) 100-1069
Luke Hill,10,luke.hill@students.example.org,(863) 100-1070
Riley Mitchell,9,riley.mitchell@students.example.org,(863) 100-1071
Lily Martinez,9,lily.martinez@students.example.org,(813) 100-1072
Liam Perez,12,liam.perez@students.example.org,(813) 100-1073
Carter Young,9,carter.young@students.example.org,(941) 100-1074
Noah Brown,11,noah.brown@students.example.org,(941) 100-1075
Olivia Smith,9,olivia.smith@students.example.org,(352) 100-1076
Matthew Turner,11,matthew.turner@students.example.org,(352) 100-1077
Luke Walker,10,luke.walker@students.example.org,(941) 100-1078
Benjamin Turner,9,benjamin.turner@students.example.org,(352) 100-1079
Henry Phillips,10,henry.phillips@students.example.org,(941) 100-1080
Dylan Martin,12,dylan.martin@students.example.org,(727) 100-1081
Aiden Rodriguez,10,aiden.rodriguez@students.example.org,(941) 100-1082
Luke Lee,10,luke.lee@students.example.org,(941) 100-1083
Daniel Mitchell,10,daniel.mitchell@students.example.org,(941) 100-1084
Jackson Robinson,12,jackson.robinson@students.example.org,(352) 100-1085
Evelyn Sanchez,11,evelyn.sanchez@students.example.org,(863) 100-1086
Luke Stewart,12,luke.stewart@students.example.org,(352) 100-1087
Jackson Nguyen,10,jackson.nguyen@students.example.org,(727) 100-1088
Samuel Jackson,12,samuel.jackson@students.example.org,(941) 100-1089
Amelia Martinez,11,amelia.martinez@students.example.org,(727) 100-1090
Addison Gomez,12,addison.gomez@students.example.org,(813) 100-1091
Layla Morris,11,layla.morris@students.example.org,(941) 100-1092
James Rogers,11,james.rogers@students.example.org,(813) 100-1093
James Mitchell,12,james.mitchell@students.example.org,(863) 100-1094
Isaac Turner,11,isaac.turner@students.example.org,(941) 100-1095
Abigail Evans,10,abigail.evans@students.example.org,(941) 100-1096
Owen Diaz,10,owen.diaz@students.example.org,(863) 100-1097
Isabella Taylor,11,isabella.taylor@students.example.org,(813) 100-1098
Owen Cook,12,owen.cook@students.example.org,(863) 100-1099
Ella Parker,12,ella.parker@students.example.org,(352) 100-1100
Benjamin Perez,9,benjamin.perez@students.example.org,(813) 100-1101
Carter Ramirez,9,carter.ramirez@students.example.org,(941) 100-1102
Ryan Rivera,10,ryan.rivera@students.example.org,(813) 100-1103
Riley Green,9,riley.green@students.example.org,(813) 100-1104
Sebastian Adams,10,sebastian.adams@students.example.org,(727) 100-1105
Harper Clark,11,harper.clark@students.example.org,(352) 100-1106
Penelope Williams,11,penelope.williams@students.example.org,(941) 100-1107
Aiden Diaz,10,aiden.diaz@students.example.org,(352) 100-1108
Lucas Diaz,9,lucas.diaz@students.example.org,(863) 100-1109
David Thompson,11,david.thompson@students.example.org,(727) 100-1110
Evelyn Rivera,10,evelyn.rivera@students.example.org,(813) 100-1111
Elizabeth Turner,11,elizabeth.turner@students.example.org,(941) 100-1112
Lillian Moore,10,lillian.moore@students.example.org,(727) 100-1113
Avery Campbell,11,avery.campbell@students.example.org,(813) 100-1114
Madison Clark,9,madison.clark@students.example.org,(941) 100-1115
Mason King,12,mason.king@students.example.org,(941) 100-1116
Grace Reed,10,grace.reed@students.example.org,(352) 100-1117
Madison Martinez,11,madison.martinez@students.example.org,(863) 100-1118
William Rivera,10,william.rivera@students.example.org,(863) 100-1119
Benjamin Diaz,9,benjamin.diaz@students.example.org,(941) 100-1120
Owen Scott,11,owen.scott@students.example.org,(352) 100-1121
Grace Green,12,grace.green@students.example.org,(352) 100-1122
Owen Johnson,9,owen.johnson@students.example.org,(813) 100-1123
Jack Jackson,11,jack.jackson@students.example.org,(863) 100-1124
Harper Campbell,12,harper.campbell@students.example.org,(352) 100-1125
Michael Rodriguez,10,michael.rodriguez@students.example.org,(941) 100-1126
Addison Phillips,9,addison.phillips@students.example.org,(863) 100-1127
Matthew Allen,9,matthew.allen@students.example.org,(813) 100-1128
James Rivera,9,james.rivera@students.example.org,(813) 100-1129
Addison Jackson,10,addison.jackson@students.example.org,(813) 100-1130
Dylan Baker,10,dylan.baker@students.example.org,(727) 100-1131
Isabella Robinson,9,isabella.robinson@students.example.org,(863) 100-1132
Sebastian Nguyen,12,sebastian.nguyen@students.example.org,(941) 100-1133
Addison Walker,9,addison.walker@students.example.org,(727) 100-1134
Abigail Adams,12,abigail.adams@students.example.org,(813) 100-1135
Victoria Martinez,12,victoria.martinez@students.example.org,(727) 100-1136
Sofia Jones,10,sofia.jones@students.example.org,(813) 100-1137
Lucas Campbell,9,lucas.campbell@students.example.org,(863) 100-1138
Evelyn Thomas,9,evelyn.thomas@students.example.org,(941) 100-1139
Grace Johnson,12,grace.johnson@students.example.org,(813) 100-1140
Jack Clark,9,jack.clark@students.example.org,(863) 100-1141
Lily Torres,12,lily.torres@students.example.org,(727) 100-1142
Sebastian Taylor,10,sebastian.taylor@students.example.org,(863) 100-1143
Matthew Brown,10,matthew.brown@students.example.org,(863) 100-1144
Addison Wilson,12,addison.wilson@students.example.org,(941) 100-1145
Joseph Thomas,10,joseph.thomas@students.example.org,(941) 100-1146
David Wilson,10,david.wilson@students.example.org,(727) 100-1147
Madison Brown,9,madison.brown@students.example.org,(813) 100-1148
Jack Turner,12,jack.turner@students.example.org,(813) 100-1149
Layla Hill,9,layla.hill@students.example.org,(352) 100-1150
Harper Garcia,12,harper.garcia@students.example.org,(863) 100-1151
Alexander Rodriguez,11,alexander.rodriguez@students.example.org,(813) 100-1152
Dylan Flores,10,dylan.flores@students.example.org,(813) 100-1153
Wyatt Rivera,11,wyatt.rivera@students.example.org,(941) 100-1154
Amelia Garcia,9,amelia.garcia@students.example.org,(813) 100-1155
Elijah Taylor,10,elijah.taylor@students.example.org,(813) 100-1156
Avery Walker,12,avery.walker@students.example.org,(941) 100-1157
Mia Mitchell,10,mia.mitchell@students.example.org,(863) 100-1158
Victoria Wilson,9,victoria.wilson@students.example.org,(727) 100-1159
Aubrey Jackson,10,aubrey.jackson@students.example.org,(813) 100-1160
Sophia Scott,10,sophia.scott@students.example.org,(352) 100-1161
Noah Gomez,9,noah.gomez@students.example.org,(352) 100-1162
Hannah Williams,10,hannah.williams@students.example.org,(941) 100-1163
Isabella Perez,10,isabella.perez@students.example.org,(813) 100-1164
Scarlett Allen,9,scarlett.allen@students.example.org,(813) 100-1165
Joseph Gomez,9,joseph.gomez@students.example.org,(813) 100-1166
Ella Evans,12,ella.evans@students.example.org,(863) 100-1167
David Robinson,9,david.robinson@students.example.org,(813) 100-1168
Harper Lewis,10,harper.lewis@students.example.org,(941) 100-1169
Grace Hill,10,grace.hill@students.example.org,(727) 100-1170
Victoria Perez,11,victoria.perez@students.example.org,(941) 100-1171
Benjamin Brown,12,benjamin.brown@students.example.org,(941) 100-1172
Chloe Mitchell,10,chloe.mitchell@students.example.org,(352) 100-1173
Jackson Stewart,12,jackson.stewart@students.example.org,(941) 100-1174
Lily Stewart,9,lily.stewart@students.example.org,(813) 100-1175
Lily Perez,10,lily.perez@students.example.org,(352) 100-1176
Noah Roberts,11,noah.roberts@students.example.org,(727) 100-1177
Lucas White,11,lucas.white@students.example.org,(352) 100-1178
Charlotte Flores,12,charlotte.flores@students.example.org,(352) 100-1179
Emma Flores,9,emma.flores@students.example.org,(863) 100-1180
Harper Moore,11,harper.moore@students.example.org,(813) 100-1181
Mia Jackson,9,mia.jackson@students.example.org,(352) 100-1182
Michael Moore,11,michael.moore@students.example.org,(863) 100-1183
Isaac Stewart,10,isaac.stewart@students.example.org,(863) 100-1184
Nathan Reed,9,nathan.reed@students.example.org,(813) 100-1185
Madison White,12,madison.white@students.example.org,(941) 100-1186
Aiden Robinson,9,aiden.robinson@students.example.org,(727) 100-1187
Lucas King,10,lucas.king@students.example.org,(941) 100-1188
Mia Moore,12,mia.moore@students.example.org,(941) 100-1189
Mason Robinson,9,mason.robinson@students.example.org,(352) 100-1190
David Nguyen,10,david.nguyen@students.example.org,(941) 100-1191
Jackson Mitchell,11,jackson.mitchell@students.example.org,(813) 100-1192
Avery Torres,12,avery.torres@students.example.org,(863) 100-1193
Madison Garcia,10,madison.garcia@students.example.org,(352) 100-1194
Henry Mitchell,11,henry.mitchell@students.example.org,(813) 100-1195
Elijah Garcia,11,elijah.garcia@students.example.org,(813) 100-1196
Owen Harris,10,owen.harris@students.example.org,(941) 100-1197
Victoria Hill,11,victoria.hill@students.example.org,(352) 100-1198
Harper Taylor,11,harper.taylor@students.example.org,(863) 100-1199
Aubrey King,9,aubrey.king@students.example.org,(941) 100-1200
Wyatt Adams,11,wyatt.adams@students.example.org,(727) 100-1201
Lillian Mitchell,10,lillian.mitchell@students.example.org,(813) 100-1202
Ryan Baker,12,ryan.baker@students.example.org,(727) 100-1203
Liam Ramirez,9,liam.ramirez@students.example.org,(863) 100-1204
Dylan Lewis,10,dylan.lewis@students.example.org,(863) 100-1205
Chloe Moore,10,chloe.moore@students.example.org,(941) 100-1206
Alexander Ramirez,10,alexander.ramirez@students.example.org,(863) 100-1207
Sophia Evans,11,sophia.evans@students.example.org,(941) 100-1208
Ava Morris,11,ava.morris@students.example.org,(863) 100-1209
Charlotte King,10,charlotte.king@students.example.org,(727) 100-1210
Grayson Walker,10,grayson.walker@students.example.org,(941) 100-1211
William Hall,10,william.hall@students.example.org,(727) 100-1212
Sofia Lewis,11,sofia.lewis@students.example.org,(941) 100-1213
Mason Young,10,mason.young@students.example.org,(863) 100-1214
Jack Evans,10,jack.evans@students.example.org,(941) 100-1215
Samuel Parker,10,samuel.parker@students.example.org,(813) 100-1216
Ava Brown,9,ava.brown@students.example.org,(941) 100-1217
Grayson Morgan,9,grayson.morgan@students.example.org,(727) 100-1218
Elizabeth Edwards,11,elizabeth.edwards@students.example.org,(727) 100-1219
Dylan Lee,9,dylan.lee@students.example.org,(813) 100-1220
Alexander Moore,12,alexander.moore@students.example.org,(863) 100-1221
Henry Robinson,11,henry.robinson@students.example.org,(863) 100-1222
Riley White,11,riley.white@students.example.org,(727) 100-1223
Benjamin Cruz,10,benjamin.cruz@students.example.org,(352) 100-1224
Layla Williams,10,layla.williams@students.example.org,(727) 100-1225
Madison Wright,9,madison.wright@students.example.org,(941) 100-1226
Carter Walker,11,carter.walker@students.example.org,(941) 100-1227
Sofia Jackson,10,sofia.jackson@students.example.org,(941) 100-1228
Layla Campbell,10,layla.campbell@students.example.org,(727) 100-1229
Liam Roberts,9,liam.roberts@students.example.org,(813) 100-1230
Scarlett Stewart,9,scarlett.stewart@students.example.org,(863) 100-1231
Liam Nguyen,10,liam.nguyen@students.example.org,(941) 100-1232
Grace Wilson,12,grace.wilson@students.example.org,(813) 100-1233
Mason Gomez,10,mason.gomez@students.example.org,(863) 100-1234
Charlotte Wright,12,charlotte.wright@students.example.org,(863) 100-1235
Chloe Thomas,10,chloe.thomas@students.example.org,(727) 100-1236
David Young,10,david.young@students.example.org,(727) 100-1237
Lily Johnson,9,lily.johnson@students.example.org,(863) 100-1238
Noah Rivera,9,noah.rivera@students.example.org,(813) 100-1239
Emma Perez,12,emma.perez@students.example.org,(727) 100-1240
Jack Robinson,10,jack.robinson@students.example.org,(727) 100-1241
Henry Flores,9,henry.flores@students.example.org,(727) 100-1242
Nathan Morgan,12,nathan.morgan@students.example.org,(941) 100-1243
Wyatt Brown,12,wyatt.brown@students.example.org,(813) 100-1244
Harper Collins,12,harper.collins@students.example.org,(727) 100-1245
Carter Reed,12,carter.reed@students.example.org,(863) 100-1246
Jackson Brown,9,jackson.brown@students.example.org,(941) 100-1247
Liam Hall,12,liam.hall@students.example.org,(813) 100-1248
Elizabeth Evans,12,elizabeth.evans@students.example.org,(941) 100-1249
Michael Stewart,9,michael.stewart@students.example.org,(941) 100-1250
James Sanchez,9,james.sanchez@students.example.org,(863) 100-1251
Dylan Taylor,12,dylan.taylor@students.example.org,(352) 100-1252
Jackson Williams,10,jackson.williams@students.example.org,(941) 100-1253
Alexander Lee,12,alexander.lee@students.example.org,(352) 100-1254
Mason Walker,12,mason.walker@students.example.org,(941) 100-1255
Aiden Allen,9,aiden.allen@students.example.org,(727) 100-1256
Dylan Brown,11,dylan.brown@students.example.org,(863) 100-1257
Carter Anderson,12,carter.anderson@students.example.org,(813) 100-1258
Mia Torres,11,mia.torres@students.example.org,(863) 100-1259
Alexander Smith,10,alexander.smith@students.example.org,(863) 100-1260
Lily Thomas,11,lily.thomas@students.example.org,(941) 100-1261
Daniel Allen,9,daniel.allen@students.example.org,(941) 100-1262
Addison Flores,10,addison.flores@students.example.org,(863) 100-1263
Riley Baker,12,riley.baker@students.example.org,(352) 100-1264
Sophia King,9,sophia.king@students.example.org,(727) 100-1265
Luke Reed,10,luke.reed@students.example.org,(863) 100-1266
Michael Carter,12,michael.carter@students.example.org,(813) 100-1267
Lillian Jackson,12,lillian.jackson@students.example.org,(352) 100-1268
Elizabeth Flores,10,elizabeth.flores@students.example.org,(863) 100-1269
Isabella King,10,isabella.king@students.example.org,(863) 100-1270
Amelia Perez,9,amelia.perez@students.example.org,(813) 100-1271
Grace Brown,11,grace.brown@students.example.org,(727) 100-1272
Mason Martinez,9,mason.martinez@students.example.org,(352) 100-1273
Matthew Scott,9,matthew.scott@students.example.org,(863) 100-1274
Liam Carter,11,liam.carter@students.example.org,(352) 100-1275
Noah White,12,noah.white@students.example.org,(941) 100-1276
Ava Turner,10,ava.turner@students.example.org,(863) 100-1277
Grace Jackson,12,grace.jackson@students.example.org,(352) 100-1278
Aubrey Stewart,10,aubrey.stewart@students.example.org,(813) 100-1279
Benjamin Rodriguez,10,benjamin.rodriguez@students.example.org,(727) 100-1280
Ava Taylor,10,ava.taylor@students.example.org,(727) 100-1281
Ethan Morris,9,ethan.morris@students.example.org,(863) 100-1282
Sofia Edwards,11,sofia.edwards@students.example.org,(813) 100-1283
Ella Nguyen,12,ella.nguyen@students.example.org,(813) 100-1284
Noah Nelson,10,noah.nelson@students.example.org,(352) 100-1285
Matthew Morris,10,matthew.morris@students.example.org,(727) 100-1286
Alexander Flores,9,alexander.flores@students.example.org,(941) 100-1287
Hannah Harris,11,hannah.harris@students.example.org,(352) 100-1288
Isaac Morgan,12,isaac.morgan@students.example.org,(863) 100-1289
Lillian Torres,12,lillian.torres@students.example.org,(941) 100-1290
Lucas Evans,9,lucas.evans@students.example.org,(941) 100-1291
Isaac Harris,12,isaac.harris@students.example.org,(727) 100-1292
Mia Rivera,10,mia.rivera@students.example.org,(941) 100-1293
Sofia Parker,12,sofia.parker@students.example.org,(863) 100-1294
Abigail Mitchell,12,abigail.mitchell@students.example.org,(863) 100-1295
Owen Parker,9,owen.parker@students.example.org,(941) 100-1296
Jack Morgan,9,jack.morgan@students.example.org,(727) 100-1297
Henry Morgan,11,henry.morgan@students.example.org,(941) 100-1298
Harper Torres,10,harper.torres@students.example.org,(352) 100-1299
Owen Martinez,10,owen.martinez@students.example.org,(727) 100-1300
Henry Lewis,9,henry.lewis@students.example.org,(813) 100-1301
Wyatt Anderson,9,wyatt.anderson@students.example.org,(727) 100-1302
Isaac Mitchell,9,isaac.mitchell@students.example.org,(941) 100-1303
Olivia Wright,11,olivia.wright@students.example.org,(813) 100-1304
Ethan King,9,ethan.king@students.example.org,(352) 100-1305
Mia Anderson,9,mia.anderson@students.example.org,(863) 100-1306
Aubrey Turner,10,aubrey.turner@students.example.org,(727) 100-1307
Isabella Clark,11,isabella.clark@students.example.org,(941) 100-1308
Harper Wright,10,harper.wright@students.example.org,(863) 100-1309
Mia White,11,mia.white@students.example.org,(352) 100-1310
Benjamin Collins,9,benjamin.collins@students.example.org,(813) 100-1311
Henry Martinez,11,henry.martinez@students.example.org,(813) 100-1312
Aiden Morris,12,aiden.morris@students.example.org,(352) 100-1313
Harper Morgan,12,harper.morgan@students.example.org,(941) 100-1314
Wyatt Collins,9,wyatt.collins@students.example.org,(813) 100-1315
Nathan Wright,12,nathan.wright@students.example.org,(727) 100-1316
Sebastian Jackson,9,sebastian.jackson@students.example.org,(813) 100-1317
Sofia Mitchell,11,sofia.mitchell@students.example.org,(941) 100-1318
Michael Torres,12,michael.torres@students.example.org,(941) 100-1319
James Thomas,10,james.thomas@students.example.org,(727) 100-1320
Riley Rivera,9,riley.rivera@students.example.org,(352) 100-1321
Michael Campbell,9,michael.campbell@students.example.org,(863) 100-1322
Nathan Hall,11,nathan.hall@students.example.org,(863) 100-1323
Liam Hill,11,liam.hill@students.example.org,(813) 100-1324
Penelope Young,11,penelope.young@students.example.org,(727) 100-1325
Emma Cook,12,emma.cook@students.example.org,(941) 100-1326
Dylan Martinez,12,dylan.martinez@students.example.org,(863) 100-1327
Scarlett Wilson,10,scarlett.wilson@students.example.org,(941) 100-1328
Lucas Torres,10,lucas.torres@students.example.org,(813) 100-1329
Elizabeth White,10,elizabeth.white@students.example.org,(352) 100-1330
Daniel White,9,daniel.white@students.example.org,(352) 100-1331
Hannah Rogers,12,hannah.rogers@students.example.org,(352) 100-1332
Sebastian Anderson,10,sebastian.anderson@students.example.org,(941) 100-1333
Michael Diaz,12,michael.diaz@students.example.org,(863) 100-1334
Abigail Moore,9,abigail.moore@students.example.org,(813) 100-1335
Elijah Gomez,11,elijah.gomez@students.example.org,(941) 100-1336
Daniel Edwards,10,daniel.edwards@students.example.org,(352) 100-1337
Emily Carter,10,emily.carter@students.example.org,(813) 100-1338
Madison Lee,11,madison.lee@students.example.org,(352) 100-1339
William Rodriguez,11,william.rodriguez@students.example.org,(813) 100-1340
Abigail Cook,11,abigail.cook@students.example.org,(352) 100-1341
Aiden Evans,9,aiden.evans@students.example.org,(813) 100-1342
David Torres,11,david.torres@students.example.org,(863) 100-1343
Isaac Thomas,9,isaac.thomas@students.example.org,(727) 100-1344
Elizabeth Roberts,10,elizabeth.roberts@students.example.org,(813) 100-1345
Evelyn Turner,11,evelyn.turner@students.example.org,(863) 100-1346
Daniel Rivera,12,daniel.rivera@students.example.org,(352) 100-1347
Sophia Mitchell,10,sophia.mitchell@students.example.org,(863) 100-1348
Isabella Hill,10,isabella.hill@students.example.org,(863) 100-1349
Lillian White,11,lillian.white@students.example.org,(863) 100-1350
Ella Lewis,12,ella.lewis@students.example.org,(352) 100-1351
Alexander Mitchell,11,alexander.mitchell@students.example.org,(941) 100-1352
Lucas Turner,11,lucas.turner@students.example.org,(941) 100-1353
James Campbell,9,james.campbell@students.example.org,(727) 100-1354
Lucas Johnson,11,lucas.johnson@students.example.org,(813) 100-1355
Owen Robinson,9,owen.robinson@students.example.org,(727) 100-1356
Elijah Nelson,11,elijah.nelson@students.example.org,(352) 100-1357
Mia Ramirez,11,mia.ramirez@students.example.org,(863) 100-1358
Lillian Walker,10,lillian.walker@students.example.org,(941) 100-1359
Addison Lee,12,addison.lee@students.example.org,(727) 100-1360
Henry King,9,henry.king@students.example.org,(813) 100-1361
Madison Baker,11,madison.baker@students.example.org,(352) 100-1362
Avery Allen,11,avery.allen@students.example.org,(863) 100-1363
Hannah Thompson,9,hannah.thompson@students.example.org,(863) 100-1364
Owen Phillips,10,owen.phillips@students.example.org,(813) 100-1365
Dylan Ramirez,12,dylan.ramirez@students.example.org,(813) 100-1366
Abigail Brown,10,abigail.brown@students.example.org,(941) 100-1367
Daniel Parker,11,daniel.parker@students.example.org,(727) 100-1368
Elizabeth Green,9,elizabeth.green@students.example.org,(813) 100-1369
Grayson Green,9,grayson.green@students.example.org,(727) 100-1370
Lucas Gomez,9,lucas.gomez@students.example.org,(863) 100-1371
Alexander Hall,9,alexander.hall@students.example.org,(863) 100-1372
Grace Carter,10,grace.carter@students.example.org,(727) 100-1373
Riley Young,11,riley.young@students.example.org,(863) 100-1374
Emily Morgan,11,emily.morgan@students.example.org,(813) 100-1375
Luke Roberts,10,luke.roberts@students.example.org,(352) 100-1376
Mia Diaz,10,mia.diaz@students.example.org,(727) 100-1377
Ava Perez,9,ava.perez@students.example.org,(863) 100-1378
Jack Collins,12,jack.collins@students.example.org,(941) 100-1379
Samuel Rodriguez,9,samuel.rodriguez@students.example.org,(352) 100-1380
Mason Cook,11,mason.cook@students.example.org,(352) 100-1381
Chloe Parker,9,chloe.parker@students.example.org,(813) 100-1382
Dylan Hill,12,dylan.hill@students.example.org,(352) 100-1383
Henry Reed,9,henry.reed@students.example.org,(941) 100-1384
Elizabeth Martinez,11,elizabeth.martinez@students.example.org,(352) 100-1385
Ryan Gomez,11,ryan.gomez@students.example.org,(727) 100-1386
Lillian Williams,11,lillian.williams@students.example.org,(727) 100-1387
Olivia Rogers,10,olivia.rogers@students.example.org,(813) 100-1388
Layla Gomez,11,layla.gomez@students.example.org,(941) 100-1389
Ava Walker,11,ava.walker@students.example.org,(863) 100-1390
Evelyn Diaz,9,evelyn.diaz@students.example.org,(813) 100-1391
Riley Collins,10,riley.collins@students.example.org,(727) 100-1392
Aubrey Torres,11,aubrey.torres@students.example.org,(352) 100-1393
Grayson Diaz,9,grayson.diaz@students.example.org,(941) 100-1394
Sofia Scott,9,sofia.scott@students.example.org,(727) 100-1395
Charlotte Harris,11,charlotte.harris@students.example.org,(941) 100-1396
David Anderson,11,david.anderson@students.example.org,(813) 100-1397
Lily Sanchez,10,lily.sanchez@students.example.org,(813) 100-1398
Isabella Jones,10,isabella.jones@students.example.org,(727) 100-1399
